country,GID_0,ISO_3,region,subregion,ID,ghm,Built1994,Built2009,HFP1993,HFP1993_int,HFP2009,HFP2009_int,Lights1994,Lights2009,NavWater1994,NavWater2009,Pasture1993,Pasture2009,Popdensity1990,Popdensity2010,Railways,Roads,croplands1992,croplands2005
aruba,ABW,ABW,americas,caribbean,1,0.5400645236174265,6.666666666666667,6.666666666666667,31.26656977335612,31,32.59990310668945,32.333333333333336,7,7.333333333333333,2.9332367976506553,2.9332367976506553,0,0,8,9,0,6.666666666666667,0,0
afghanistan,AFG,AFG,asia and the pacific,south asia,2,0.20251986418761284,0.002216557685913776,0.013299346115482655,6.99599322665759,6.692341793195168,7.931103207670531,7.626288374154937,0.006095533636262884,0.02294137204920758,0.023977857506286827,0.02813361401409074,1.1786545494846503,1.2142303003435664,2.8952676493405742,3.9279618752078025,0,2.335087529425609,0.5546935608999224,0.3894491854150504
angola,AGO,AGO,africa,southern africa,3,0.17177775936687284,13048074.515457034,13048074.52413701,4.529285957009485,5.017026106696935,5.130088833916592,5.611804767309875,0.00886739218057235,0.02331049308074701,0.023280818180999318,0.044680233508655666,1.1418782748891576,1.2030767163778047,1.7390165255945182,13048077.03779128,0.04138116350933763,1.2550310738025359,0.316471852747548,0.009404809888485825
anguilla,AIA,AIA,americas,caribbean,4,0.444938063621521,2147483648,2147483648,NA,128,NA,128,NA,NA,NA,NA,NA,NA,NA,2147483648,NA,NA,NA,NA
åland islands,ALA,ALA,europe and central asia,central and western europe,5,0.32716701048667785,397682157.7777778,397682157.4074074,12.381078503348611,33.44444444444444,11.01744200966575,32.333333333333336,0.8636363636363636,1,2.1285978853702545,2.1285978853702545,0,0,3.3181818181818183,397682159.6666667,0,4.20702605762265,0.9545454545454546,0
albania,ALB,ALB,europe and central asia,central and western europe,6,0.3964540666164873,14510024.671171172,14510024.828828828,14.638416040511359,15.054054054054054,12.837962521920128,13.265765765765765,0.2199546485260771,0.5011337868480725,0.15073814862851231,0.15073814862851231,0.015873015873015872,0.02040816326530612,6.219954648526077,14510030.29954955,0.16326530612244897,2.3697640659992927,5.476190476190476,3.761904761904762
andorra,AND,AND,europe and central asia,central and western europe,7,0.5090717673301697,4.285714285714286,4.285714285714286,24.857142857142858,24.857142857142858,28.142857142857142,28.142857142857142,4.571428571428571,7,0,0,0.7142857142857143,0.42857142857142855,5.857142857142857,7,0,7.428571428571429,2,2
united arab emirates (the),ARE,ARE,asia and the pacific,western asia,8,0.31197235042428495,18941422.319735393,18941423.16868798,7.223508906410852,8.026460859977949,9.849760266478786,10.62954796030871,1.3136818687430478,2.253615127919911,0.05690254539654694,0.05690254539654694,0.027808676307007785,0.024471635150166853,3.507230255839822,18941425.673649393,0,1.3612671073472273,0,0
argentina,ARG,ARG,americas,south america,9,0.2357337279524639,3055199.572844128,3055199.5988019467,5.450819803791177,5.313290902283788,5.916813684827371,5.777736178709597,0.11417716456708658,0.1835132973405319,0.04800234078993317,0.05491304019229947,0.9138922215556888,0.9321885622875425,1.388997200559888,3055201.158342693,0.23695260947810437,1.69665869467975,0.9784043191361728,1.0513647270545892
armenia,ARM,ARM,europe and central asia,eastern europe,10,0.3350861766004345,4709394.052631579,4709394.118421053,11.331486222180692,11.25,12.232585119153118,12.149122807017545,0.21978021978021978,0.4835164835164835,0.09775985338582668,0.09775985338582668,0.44835164835164837,0.31868131868131866,5.527472527472527,4709399.688596491,0.3516483516483517,2.3677923072170426,2.230769230769231,2.723076923076923
american samoa,ASM,ASM,asia and the pacific,oceania,11,0.34594953060150146,2147483648,2147483648,NA,128,NA,128,NA,NA,NA,NA,NA,NA,NA,2147483648,NA,NA,NA,NA
antarctica,ATA,ATA,antarctica,antarctica,12,NA,2147483648,2147483648,NA,128,NA,128,NA,NA,NA,NA,NA,NA,NA,2147483648,NA,NA,NA,NA
french southern territories (the),ATF,ATF,asia and the pacific,oceania,13,0.0032154987947862657,2147483648,2147483648,NA,128,NA,128,NA,NA,NA,NA,NA,NA,NA,2147483648,NA,NA,NA,NA
antigua and barbuda,ATG,ATG,americas,caribbean,14,0.5326936691999435,3.3333333333333335,5,21.60669008890788,21.166666666666668,23.940023104349773,23.5,4,5.833333333333333,1.7308219224214554,1.7308219224214554,0,0,6.333333333333333,6.333333333333333,0,3.8758680125077567,2.3333333333333335,1.1666666666666667
australia,AUS,AUS,asia and the pacific,oceania,15,0.05704592440444105,3044677.110367826,3044677.108670474,3.285823254616906,3.2207156835336876,3.4438049041480636,3.3779603818043853,0.03933449317095607,0.04142420061191433,0.017331643790601908,0.01945511412792929,1.0343651888735577,0.9896414501969725,0.19469274301597778,3044677.3113343185,0.09918611394404783,1.3798660191195884,0.49455076289319494,0.6616873637690723
austria,AUT,AUT,europe and central asia,central and western europe,16,0.45453358507179187,0.7356002775850105,0.9090909090909091,13.917949395242621,13.563497571131158,14.949871680705106,14.595419847328245,1.9312977099236641,2.6092990978487163,0.16824525414346198,0.16824525414346198,0.27966689798750866,0.2227619708535739,5.376821651630812,5.473282442748092,1.0659264399722415,2.3055681355664666,2.0548230395558638,2.1956974323386538
azerbaijan,AZE,AZE,europe and central asia,eastern europe,17,0.3698406296730773,135236072.27162367,135236072.1350531,12.433425746755562,19.389984825493173,12.737879187109982,19.6752655538695,0.8404858299595142,0.4574898785425101,0.15681751763073656,0.15681751763073656,0.3821862348178138,0.3497975708502024,5.264777327935223,135236077.12822458,0.3368421052631579,2.4077823190071324,2.6639676113360324,3.230769230769231
burundi,BDI,BDI,africa,central africa,18,0.5255739197441159,137219402.4600639,137219402.4600639,14.34888557036989,21.53993610223642,14.531090449961379,21.712460063897762,0.07849829351535836,0.034129692832764506,0.06656919366450459,0.0337570166614696,0.4778156996587031,0.4880546075085324,7.09556313993174,137219409.571885,0,6.261838555234284,0.33447098976109213,0.04778156996587031
belgium,BEL,BEL,europe and central asia,central and western europe,19,0.6522989832130927,6.392857142857143,5.660714285714286,28.274622758797236,27.989285714285714,25.804979925496237,25.519642857142856,7.291071428571429,6.935714285714286,1.1088439368255162e-4,1.1088439368255162e-4,0.0035714285714285713,0.10714285714285714,7.060714285714286,7.1875,1.8857142857142857,3.265583422088197,2.375,0.7625
benin,BEN,BEN,africa,west africa,20,0.3955878374054809,0.014619883040935672,0.03654970760233918,5.7330797352986025,5.420321637426901,8.016695674094889,7.701023391812866,0.02046783625730994,0.062134502923976605,0.009727909805608052,0.029454960051448882,0.021198830409356724,0.01023391812865497,3.9232456140350878,4.6608187134502925,0.08187134502923976,1.636363533287369,0.025584795321637425,1.4992690058479532
"bonaire, sint eustatius and saba",BES,BES,americas,caribbean,21,0.2721310518682003,0,0,9.766542315483093,9.25,9.766542315483093,9.25,0,0,1.5067280530929565,1.5067280530929565,0,0,5,5,0,3.2598143219947815,0,0
burkina faso,BFA,BFA,africa,west africa,22,0.3904970979562958,0.0030553009471432934,0.012221203788573174,6.442206308086313,6.120073327222731,10.76943554253233,10.447296058661777,0.007027192178429576,0.02474793767186068,0.0052083062027379135,0.005214798087471712,0.40238313473877174,0.21081576535288726,4.098686220592729,4.875649251451268,0.05866177818515124,1.8671843924090434,0,3.7149404216315305
bangladesh,BGD,BGD,asia and the pacific,south asia,23,0.6737895525864821,87158299.25930102,87158299.24239008,17.709500099881414,21.861330326944756,18.585528962620558,22.701803833145433,0.2802585193889542,0.2925969447708578,0.34116332042600006,0.34116399105362966,0.00763807285546416,0.006462984723854289,8.72385428907168,87158308.01465614,0.3525264394829612,2.892426158090316,4.976498237367802,5.321974148061105
bulgaria,BGR,BGR,europe and central asia,central and western europe,24,0.47781773196943733,3639803.036158192,3639803.0079096043,13.263471430145419,13.12824858757062,12.630194689233086,12.496045197740113,0.6632710809281268,0.6802490096208262,0.0522006740084952,0.0522006740084952,0.1420486700622524,0.15280135823429541,5.208828522920204,3639807.7491525426,0.5840407470288624,2.7805973268121935,3.5891341256366722,3.2009054895302773
bahrain,BHR,BHR,asia and the pacific,western asia,25,0.6520442598395877,644245099.4,644245100.4,30.282172884259904,59.3,33.13931574140276,61.3,8.428571428571429,9,1.1781402890171324,1.1781402890171324,0,0,8,644245100.6,0,5.532603434153965,0,0
bahamas (the),BHS,BHS,americas,caribbean,26,0.10986493416571405,337806416.9325843,337806416.8764045,8.088850588779508,26.685393258426966,6.291362281896096,25.168539325842698,0.44,0.48,0.9496894953125714,0.9788678202059358,0,0,1.6666666666666667,337806418.03932583,0,2.1858278022209805,2.38,0.4666666666666667
bosnia and herzegovina,BIH,BIH,europe and central asia,central and western europe,27,0.4030869195166116,0.02403846153846154,0.37259615384615385,11.199971247177858,10.842548076923077,11.864634733360548,11.507211538461538,0.21394230769230768,1.125,0.13256856807822934,0.13256856807822934,0.11658653846153846,0.16105769230769232,5.615384615384615,5.993990384615385,0.625,2.0662007791778216,2.40625,1.3882211538461537
saint barthélemy,BLM,BLM,americas,caribbean,28,NA,2147483648,2147483648,NA,128,NA,128,NA,NA,NA,NA,NA,NA,NA,2147483648,NA,NA,NA,NA
belarus,BLR,BLR,europe and central asia,eastern europe,29,0.4944623373781217,1061009.9051383398,1061009.9174901186,10.287308576197773,10.00098814229249,11.538332457419852,11.25098814229249,0.472071181413742,0.5096391497775581,0.11961570901000237,0.12447053938308193,0.04597132970835393,0.01828966880869995,4.575135936727632,1061014.097826087,0.5358378645575878,2.6558293020348116,1.685121107266436,3.0916955017301038
belize,BLZ,BLZ,americas,mesoamerica,30,0.16993834978590408,40064993.47014926,40064993.43283582,5.9214999938645745,7.902985074626866,4.697165400356394,6.701492537313433,0.030418250950570342,0.09885931558935361,0.19403164109073134,0.19403164109073134,0,0.0038022813688212928,2.55893536121673,40064996.38059702,0,1.1837421331568816,1.9163498098859315,0.21292775665399238
bermuda,BMU,BMU,americas,caribbean,31,0.5465041697025299,2147483648,2147483648,NA,128,NA,128,NA,NA,NA,NA,NA,NA,NA,2147483648,NA,NA,NA,NA
bolivia (plurinational state of),BOL,BOL,americas,south america,32,0.14219894721453166,5999916.582043343,5999916.576757533,3.3482457781073958,3.4525409650381333,4.0237822582189775,4.118326663142793,0.03960321066182038,0.036877177040739055,0.05914615895914107,0.10148560953473652,0.7611691655308194,0.7237619263970922,1.2177040739058005,5999918.00807974,0.04361653793730123,1.109484294738875,0.0932909283658943,0.5353627139179161
brazil,BRA,BRA,americas,south america,33,0.15649821705736547,8408150.457117127,8408150.487069556,3.9762662460972162,4.267349895264384,5.24672882135076,5.525880464360525,0.12455533499734675,0.20799512588195987,0.09275217609820866,0.1184868555245253,0.4671881448870895,0.3089660187496315,1.7327784438198934,8408152.31623304,0.0598258682022759,0.9393502425511714,0.48316660442994436,1.5623120614767791
barbados,BRB,BRB,americas,caribbean,34,0.7724406321843466,5,6.666666666666667,31.140915552775066,30.666666666666668,31.80758221944173,31.333333333333332,6.833333333333333,8.166666666666666,0.8075821430732807,0.8075821430732807,0,0,9,9,0,6,3.5,1.1666666666666667
brunei darussalam,BRN,BRN,asia and the pacific,south-east asia,35,0.18477129633174627,0.46875,0.78125,8.393550708889961,8.03125,8.627925742417574,8.265625,0.6875,1.25,0.22818256447737895,0.22818256447737895,0,0,3.9375,4.171875,0,1.5403681336902082,1.53125,0.65625
bhutan,BTN,BTN,asia and the pacific,south asia,36,0.15355157817774298,0,0.019646365422396856,6.300816680687116,6.017681728880157,7.338656788022204,7.045186640471512,0.025540275049115914,0.043222003929273084,0.08277934078827268,0.1599121739078267,0.22593320235756384,0.21414538310412573,4.520628683693516,5.12573673870334,0,1.2671532685958098,0.1787819253438114,0.5088408644400786
bouvet island,BVT,BVT,americas,south america,37,0,2147483648,2147483648,NA,128,NA,128,NA,NA,NA,NA,NA,NA,NA,2147483648,NA,NA,NA,NA
botswana,BWA,BWA,africa,southern africa,38,0.07665713630994556,0.005478701547733187,0.01232707848239967,2.981127207373103,2.8153677578413916,2.910238789451646,2.74414463772086,0.01232707848239967,0.023558416655252705,0.0015912751183659772,0.0024835570681919915,1.1972332557183947,1.2387671232876711,0.6276712328767123,294136.32653061225,0.021917808219178082,0.8341932508308594,0.2809204218600192,0
central african republic (the),CAF,CAF,africa,central africa,39,0.12964503115156512,0.0013689253935660506,0.0013689253935660506,3.2437858946391933,3.015605749486653,3.055763663747472,2.8236824093086925,0.004243668720054757,0.0019164955509924709,0.01163718411087229,0.03278675628227785,0.06283367556468172,0.05325119780971937,1.2407939767282683,1.7698836413415469,0,1.0806086693048313,0.842299794661191,0.11594798083504448
canada,CAN,CAN,americas,north america,40,0.033767242544451875,48631467.0908463,48631467.072180375,0.9755312105831537,3.836188040653883,0.8132171584995348,3.674921060421669,0.15197967322351041,0.12213313365528614,0.05263922285017736,0.059859122122115624,0.021155270511396155,0.025742349257650742,0.16072119672213903,48631467.17435368,0.08541284558044053,0.26886470777276955,0.15648084268623064,0.02874017735449023
cocos (keeling) islands (the),CCK,CCK,asia and the pacific,south-east asia,41,NA,2147483648,2147483648,NA,128,NA,128,NA,NA,NA,NA,NA,NA,NA,2147483648,NA,NA,NA,NA
switzerland,CHE,CHE,europe and central asia,central and western europe,42,0.46795122079370854,1.9655667144906743,2.582496413199426,17.29098311592551,16.932568149210905,18.290983122168175,17.932568149210905,3.265423242467719,4.054519368723099,0.21243506612845625,0.21243506612845625,0.2984218077474892,0.24820659971305595,5.593974175035868,5.499282639885222,1.5839311334289814,2.5333543662703364,1.8378766140602583,1.576757532281205
chile,CHL,CHL,americas,south america,43,0.12521887424672837,82996368.00176476,82996368.03088327,3.8913692253567924,8.468454954557487,4.30003940791053,8.84831906820789,0.09178522257916476,0.17687012391005047,0.07002156198329275,0.11437414320553575,0.3588543101074084,0.33232351051133757,1.6476365305185865,82996369.60328245,0.1666819642037632,1.3612482863426647,0.1265718219366682,0.31610830656264344
china,CHN,CHN,asia and the pacific,north-east asia,44,0.2786222694848737,4073405.477234426,4073405.590752238,7.820905971001767,7.794982162528909,8.551347612017956,8.523305440246295,0.19367594710951605,0.4221517275657659,0.07045718631245457,0.0770462135477246,0.704300092828793,0.5426829713984986,3.9365036437128595,4073409.420519293,0.13718195174364634,1.3501593506923673,1.3285627617662323,1.757482950932308
côte d'ivoire,CIV,CIV,africa,west africa,45,0.397941666737597,0.026295030239284777,0.028924533263213252,7.411240455275487,7.094662108861425,7.703991964447664,7.3836444911911645,0.03497239021824875,0.07651853799631869,0.08839329613437508,0.12950136793605171,0.8225085458848278,0.7959505653431501,4.062582171969498,4.607678148829871,0.02945043386799895,1.7966836137643714,0.5503549829082304,0.23928477517749144
cameroon,CMR,CMR,africa,central africa,46,0.21063882994277766,10574878.449024256,10574878.450848076,6.008881350219949,6.305672077329929,6.192199627412729,6.480758708736094,0.013929618768328446,0.02071114369501466,0.04722644623114119,0.09803006296125362,0.07404692082111437,0.04105571847507331,3.1803519061583576,10574882.229801204,0.0469208211143695,1.649888044452606,0.9891862170087976,0.5196114369501467
congo (the democratic republic of the),COD,COD,africa,central africa,47,0.15847538375499426,19546128.174946085,19546128.173483934,4.8390541843156365,5.670504806813613,5.5515686184655975,6.373176883430201,0.005312084993359893,0.007009001032905415,0.022692943319698625,0.04788260789017274,0.10384388372436182,0.11136933746495499,2.779327135900841,19546131.755492195,0.038069942452412575,1.7163907564364036,0.16862180906005608,0.009296148738379814
congo (the),COG,COG,africa,central africa,48,0.17794151429762553,0.007492507492507493,0.024975024975024976,2.389007452054957,2.1515984015984015,3.1679655510770544,2.9265734265734267,0.00974025974025974,0.05444555444555445,0.07917301282515035,0.1183708755713467,0.07242757242757243,0.07492507492507493,1.1728271728271729,1.9195804195804196,0.03996003996003996,0.9357085647610398,0.07167832167832168,0
cook islands (the),COK,COK,asia and the pacific,oceania,49,0.28011758128801983,715827882.6666666,715827882.6666666,14.868191719055176,52,14.368191719055176,51.666666666666664,1.5,1.5,1.004079982638359,1.004079982638359,0,0,7,715827887,0,5.364112019538879,0,0
colombia,COL,COL,americas,south america,50,0.17384480175314904,1449914.0511627907,1449914.0526631658,4.640179266615155,4.526256564141035,5.297393299573754,5.176594148537134,0.19938443059830344,0.22828616470234966,0.12493579638617475,0.16395299913534586,0.8165302905187298,0.7687110577283988,2.140605059680204,1449916.5041260314,0.046242774566473986,0.9525229590413951,0.24960588544403572,0.46085128744088283
comoros (the),COM,COM,africa,east africa and adjacent islands,51,0.32408011743896886,226050910.31578946,226050910.31578946,12.833166178535013,24.526315789473685,12.480225002064424,24.210526315789473,0,0,0.6806414657518925,0.6806414657518925,0,0,8.235294117647058,226050917.7368421,0,3.5054659562952377,0.4117647058823529,0
cabo verde,CPV,CPV,africa,west africa,52,0.32248167724659044,313174698.6666667,313174698.6666667,7.552452261854962,24.8125,9.210988864666078,26.229166666666668,0.12195121951219512,0.21951219512195122,0.7237948380530813,0.7237948380530813,0,0,5.097560975609756,313174703.625,0,1.6091452117373304,0,0.8536585365853658
costa rica,CRI,CRI,americas,mesoamerica,53,0.31021000607178945,21227186.240527183,21227186.289950576,11.02876334222105,11.927512355848435,11.885847706167947,12.771004942339374,0.4459234608985025,0.8286189683860233,0.2282052925888404,0.23836784867183478,0.8635607321131448,0.8868552412645591,4.394342762063228,21227191.014827017,0.19966722129783693,3.3962319419903686,1.2346089850249584,0.9317803660565723
cuba,CUB,CUB,americas,caribbean,54,0.3277698567805068,65169301.52890173,65169301.59393064,12.75528114900859,15.919797687861271,10.215061013105196,13.452312138728324,0.14083457526080476,0.3651266766020864,0.18215887290566998,0.1955899859549011,0.29582712369597614,0.4016393442622951,5.353949329359166,65169306.81647399,1.1028315946348732,2.1521088926651792,3.453055141579732,0.3286140089418778
curaçao,CUW,CUW,americas,caribbean,55,0.45751763383547467,357913944.6666667,357913944.6666667,25.567740821838377,42.166666666666664,23.167740631103516,40.166666666666664,5.2,5.2,0.8418312013149262,0.8418312013149262,0,0,6.8,357913947.3333333,0,5.9259095907211305,2.8,0
christmas island,CXR,CXR,asia and the pacific,south-east asia,56,0.05971534177660942,2147483648,2147483648,NA,128,NA,128,NA,NA,NA,NA,NA,NA,NA,2147483648,NA,NA,NA,NA
cayman islands (the),CYM,CYM,americas,caribbean,57,0.6812197417020798,715827889.3333334,715827889.3333334,29.10889434814453,61.666666666666664,30.608895301818848,62.666666666666664,9,9.5,1.2941204905509949,1.2941204905509949,0,0,6,715827887.3333334,0,2.814773976802826,0,0
cyprus,CYP,CYP,europe and central asia,central and western europe,58,0.4970540583627411,77619892.21686748,77619892.57831325,12.83399045318365,16.602409638554217,15.021490466594695,18.710843373493976,2.1875,3.1,0.18035889538400623,0.18035889538400623,0,0,4.3625,77619895.45783132,0.1,3.0536315724253655,1.575,2.1
czechia,CZE,CZE,europe and central asia,central and western europe,59,0.5689327848722584,1.333803810868031,1.333803810868031,18.92517045211775,18.59633027522936,17.45022339817076,17.12138320395201,3.477769936485533,3.8242766407904023,3.5373540103263644e-6,3.5373540103263644e-6,0.011291460832745237,0.016231474947071278,5.7367678193366265,5.757939308398024,1.6316160903316868,2.144644769527749,4.589273112208892,2.7417078334509526
germany,DEU,DEU,europe and central asia,central and western europe,60,0.5924445283678463,6171865.149296626,6171865.063076691,20.946350302221706,20.921494478898804,18.749293280308795,18.730751777340796,3.3775788834951457,3.6656553398058254,0.08201888807546254,0.08201888807546254,0.01972087378640777,0.08555825242718447,6.682190533980583,6171870.194978067,1.7803398058252426,2.4721894757822156,4.834799757281553,2.294751213592233
djibouti,DJI,DJI,africa,east africa and adjacent islands,61,0.1867183178721235,16582885.35135135,16582885.35135135,5.133233662709188,5.768339768339768,5.786930156009206,6.416988416988417,0.05058365758754864,0.038910505836575876,0.049605596040955685,0.049605596040955685,0.6848249027237354,0.6848249027237354,2.4357976653696496,16582888.38996139,0.0933852140077821,1.7801261214894544,0,0
dominica,DMA,DMA,americas,caribbean,62,0.37514679580926896,0,1,12.0622079372406,11.7,10.362207889556885,10,0.7,0.8,0.48501345086842773,0.48501345086842773,0,0,5.8,5.8,0,2.27719432413578,2.8,0
denmark,DNK,DNK,europe and central asia,central and western europe,63,0.6731140674466873,58368752.74292186,58368752.30124576,19.713647347806635,22.288788221970556,16.72179636105947,19.378255945639864,2.9336437718277066,2.121071012805588,0.37691918354731097,0.37691918354731097,0,0,5.735739231664726,58368757.1200453,1.0989522700814902,2.9350983489725446,5.3294528521536675,3.536670547147846
dominican republic (the),DOM,DOM,americas,caribbean,64,0.35508576351738136,25349722.994940978,25349723.0455312,12.624983557662052,13.650927487352446,12.418498914396396,13.446880269814503,0.5307167235494881,0.6604095563139932,0.11604139560575948,0.11604139560575948,0.9266211604095563,0.9300341296928327,6.098976109215017,25349728.94772344,0.2593856655290102,2.6676452348053252,1.6843003412969284,1.0273037542662116
algeria,DZA,DZA,africa,north africa,65,0.07815523156816151,140298.86636396302,140298.8761637213,2.432877466257331,2.2632541730637312,2.774160010207307,2.604514421977591,0.10786972003528143,0.1455685864558492,5.189774261268451e-4,5.189774261268451e-4,0.30580510274084477,0.27898467871026755,1.0229982685962562,140299.9984973704,0.032667995165136715,0.8302873407535367,0.07066087354219072,0.21998627944203064
ecuador,ECU,ECU,americas,south america,66,0.2533220802459105,80199456.19406469,80199456.27075692,5.762481324879417,10.081360453484494,6.969899991752235,11.235078359453151,0.30931763075857294,0.5057152753723588,0.20253489888742324,0.24230549557084463,0.3588500173190163,0.3072393488049879,2.896778662971943,80199459.20073357,0.04433668167648078,1.1030707795974248,0.657083477658469,1.1832351922410806
egypt,EGY,EGY,africa,north africa,67,0.058452497286081186,5181103.332399408,5181103.497392793,2.5635164146089986,2.667600591485719,3.1929142936303836,3.2953537240252158,0.3647995007021376,0.548603526291153,0.03076075323903067,0.03174546395805546,0.017241379310344827,0.01653924169137151,0.7673584022468404,5181104.115339715,0.06678108909346232,0.9651164033191962,0.06826337962240599,0.04751131221719457
eritrea,ERI,ERI,africa,east africa and adjacent islands,68,0.2132512893367327,27889398.025974028,27889398.025974028,6.043468626087062,7.42447026657553,6.995807556069129,8.36226930963773,0.004155124653739612,0.018005540166204988,0.02728065070555191,0.03432872341022315,1.6842105263157894,1.6412742382271468,3.39196675900277,27889402.206425153,0.027700831024930747,0.8790688783219316,0.029085872576177285,0.15997229916897507
western sahara*,ESH,ESH,africa,north africa,69,0.017008976240335996,1875531.573216885,1875531.576128093,0.9875119626704059,0.8911208151382823,1.771675262155978,1.6745269286754003,0.0026223776223776225,0.006993006993006993,9.040442957139064e-4,9.764321963241311e-4,0.040501165501165504,0.040501165501165504,0.14656177156177155,1875532.49286754,0,0.7940088519023293,0,0
spain,ESP,ESP,europe and central asia,central and western europe,70,0.3600009546253679,9722149.073858492,9722149.348079162,11.325037310767353,11.511447419480016,12.537615268163988,12.718535765101539,1.4498440748440748,1.9573804573804574,0.08520665883220539,0.08520665883220539,0.07822245322245322,0.06795738045738045,3.953612266112266,9722152.080325961,0.5582120582120582,2.354955392639906,1.9601091476091477,2.4485446985446986
estonia,EST,EST,europe and central asia,central and western europe,71,0.30207691903087197,112689736.14257425,112689736.34059405,7.347373018350721,13.333663366336634,8.994185969965336,14.894059405940594,0.33019853709508884,0.8265412748171369,0.18176366546693834,0.18176366546693834,0,0,3.219435736677116,112689738.77623762,0.5182863113897597,2.733007473289157,0.1974921630094044,1.4117032392894462
ethiopia,ETH,ETH,africa,east africa and adjacent islands,72,0.31194939003023914,1124000.714520712,1124000.7175115896,6.325421792243612,6.121878271272618,7.666954139009724,7.459099745775385,0.004638288321986983,0.014139298271863545,0.006564976568309696,0.026933267075794923,0.3908880077803546,0.36851948829206255,3.7607540959078327,1124005.2216988185,0.004787910525922047,1.3252157711823092,0.8310765317573128,1.4118351163312635
finland,FIN,FIN,europe and central asia,central and western europe,73,0.20157660277889422,13283893.653816415,13283893.648293383,5.7065768954487055,6.141941897713465,5.524124892810912,5.959792334032917,0.9456485495165055,1.0173391130376792,0.11663472394431601,0.12057818426880285,0,0,2.0486828942980995,13283894.96984425,0.2943203289985551,1.670635740061634,0.07935978659553185,0
fiji,FJI,FJI,asia and the pacific,oceania,74,0.16712434366147252,456911414.5531915,456911414.5531915,7.84195848196251,35.191489361702125,12.668437745689687,38.90212765957447,0.24864864864864866,0.1891891891891892,0.4422459404577731,0.47788237714561843,0,0,4.556756756756757,456911418.28510636,0.3027027027027027,2.157664956112166,0,4.5027027027027025
falkland islands (the) [malvinas],FLK,FLK,americas,south america,75,0.06654187775188404,204522252.19047618,204522252.19047618,1.5518688616503262,13.2987012987013,2.380680831733612,14.008658008658008,0,0,0.41441789183034017,0.7073446941604573,0,0,0,204522252.19047618,0,1.137450978231202,0,0.5358851674641149
france,FRA,FRA,europe and central asia,central and western europe,76,0.49209630243217695,5541298.637995915,5541298.7401354695,16.90536485115901,16.84969358133534,16.052179548007167,15.998709816148802,2.183895655923251,2.84833459092379,0.10983455899542661,0.10983455899542661,0.03869785490999245,0.2008192303546405,4.86213215479142,5541302.37845393,1.0606877223240272,2.6364271436430737,4.8193381481082245,2.954834537027056
faroe islands (the),FRO,FRO,europe and central asia,central and western europe,77,0.2560022463531871,169538183.2631579,169538182.7368421,12.178809710911342,20.894736842105264,10.778809683663505,19.605263157894736,1.6857142857142857,0.9142857142857143,1.7374891738806453,1.7374891738806453,0,0,4.457142857142857,169538186.97368422,0,3.5270348608493807,0.2,0
micronesia (federated states of),FSM,FSM,asia and the pacific,oceania,78,0.2623109502924813,238609295.33333334,238609294.2222222,12.852304458618164,25.555555555555557,11.852304458618164,24.666666666666668,1.5,1,3.227304479572922,3.227304479572922,0,0,6.875,238609301,0,0,0,0
gabon,GAB,GAB,africa,central africa,79,0.11926586021252804,4161790.0445736432,4161790.051033592,2.4157357772384325,2.400516795865633,2.8741475634093696,2.8549741602067185,0.040453074433656956,0.06537216828478964,0.12309973428213063,0.14429469151086086,0.05145631067961165,0.05145631067961165,0.915210355987055,4161791.44250646,0.025889967637540454,1.1217622565123642,0.1087378640776699,0
united kingdom of great britain and northern ireland (the),GBR,GBR,europe and central asia,central and western europe,80,0.4705385663920023,18531811.25662626,18531810.790219847,22.637099990622367,23.392644339428806,19.92912071252734,20.70803369632217,3.7602072538860103,3.3173056994818655,0.19907517525276394,0.19907517525276394,0.2532642487046632,0.7396891191709845,5.443937823834197,18531814.207314566,0.9533678756476683,6.043413398846443,3.461554404145078,1.1258031088082903
georgia,GEO,GEO,europe and central asia,eastern europe,81,0.3569968126612167,5878148.726277372,5878148.762773722,9.327868201377079,9.31021897810219,10.057968856103903,10.038321167883211,0.18206770356816102,0.2442817932296432,0.1049856357534826,0.1049856357534826,0.5827996340347666,0.34492223238792313,4.769441903019213,5878153.106751825,0.22689844464775846,2.113093012505895,1.293687099725526,2.484903934126258
guernsey,GGY,GGY,europe and central asia,central and western europe,82,0.8187333643436432,10,10,35.424588203430176,35,34.424588203430176,34,9.5,8.5,2.109814688563347,2.109814688563347,0,0,9,9,0,4.814773976802826,0,0
ghana,GHA,GHA,africa,west africa,83,0.4037522731408914,0.06398862424457874,0.06398862424457874,8.128951981912675,7.792392463562034,9.026839058556211,8.683967294703164,0.08709562744400995,0.14077497333807323,0.04142403914079627,0.08221904634157978,0.8748666903661572,0.8172769285460363,4.703519374333452,5.315677212939922,0.07109847138286526,2.0406029693732006,0.24635620334162817,0.4952008531816566
gibraltar,GIB,GIB,europe and central asia,central and western europe,84,NA,2147483648,2147483648,NA,128,NA,128,NA,NA,NA,NA,NA,NA,NA,2147483648,NA,NA,NA,NA
guinea,GIN,GIN,africa,west africa,85,0.2643475644713921,739237.0664371772,739237.0595524957,5.469157071070894,5.2777969018932875,6.37053676618689,6.177624784853701,0.01825068870523416,0.009641873278236915,0.019684624743778977,0.026436224975431268,0.4965564738292011,0.4628099173553719,3.715909090909091,739241.6034423407,0.04132231404958678,0.9164146096971574,0.25068870523415976,0.3615702479338843
guadeloupe,GLP,GLP,americas,caribbean,86,0.4865558296442032,238609296.44444445,238609297,19.159138083457947,30.833333333333332,18.159138023853302,29.944444444444443,3.9375,4.5625,0.3708054674207233,0.3708054674207233,0,0,6.9375,238609300.7222222,0.5,2.288332473486662,2.625,0
gambia (the),GMB,GMB,africa,west africa,87,0.4121015268185782,67108864.078125,67108864.078125,10.39911647381321,13.75,13.44623565289282,16.6796875,0.08870967741935484,0.2661290322580645,0.2723320739560516,0.5452576998876236,1.1451612903225807,0.5,5.314516129032258,67108869.609375,0,2.199365028690907,1.2983870967741935,4.064516129032258
guinea-bissau,GNB,GNB,africa,west africa,88,0.4259098797504391,27252330.583756346,27252330.583756346,7.087872442059162,8.304568527918782,7.925522953195253,9.137055837563452,0.02056555269922879,0.02056555269922879,0.15041863034399977,0.17572980110904554,0.8534704370179949,0.8020565552699229,3.8431876606683804,27252334.992385786,0,2.086554084691413,0.10796915167095116,0.32390745501285345
equatorial guinea,GNQ,GNQ,africa,central africa,89,0.13762362391729585,6860970.153354633,6860970.185303515,5.6354459669345465,5.6900958466453675,6.490717362899047,6.527156549520766,0.057692307692307696,0.10256410256410256,0.03700196774373884,0.14547849232782867,0.00641025641025641,0.00641025641025641,2.926282051282051,6860973.795527156,0.05128205128205128,2.4349824703083587,0.08974358974358974,0
greece,GRC,GRC,europe and central asia,central and western europe,90,0.4288307309124329,46426243.3353444,46426243.4610357,13.647655551887489,15.784816490698844,13.32237291653073,15.466566113624937,1.1639260020554985,1.5585817060637204,0.2874496271036647,0.2874496271036647,0.04316546762589928,0.03442959917780062,4.5102774922918805,46426247.08345903,0.3329907502569373,3.293916095687576,3.435251798561151,2.694244604316547
grenada,GRD,GRD,americas,caribbean,91,0.6309873402118683,0,0,14.436743927001952,13.8,17.83674373626709,17.2,0.4,3.6,1.3651893850415946,1.3651893850415946,0,0,7.8,8,0,4.8715543985366825,0,0
greenland,GRL,GRL,americas,north america,92,3.380251066814578e-5,72859136.0272187,72859136.02732502,0.00795044641871355,4.351557100783601,0.014704475219277346,4.355469788310846,3.5218243049899847e-4,9.905130857784333e-5,0.0020546373771712922,0.00896259733297988,0,0,3.851995333582796e-4,72859136.02758019,0,0.005158252074544716,0,0
guatemala,GTM,GTM,americas,mesoamerica,93,0.31156480882994153,14553729.647590362,14553729.722891565,9.089967901459058,9.634789156626505,8.765212297258818,9.310993975903614,0.17816527672479152,0.4071266110689917,0.14931724145307154,0.15435694232734964,0.3411675511751327,0.47687642153146326,4.531463229719485,14553734.853915663,0.10310841546626232,1.8496726498719505,1.8309325246398787,0.2441243366186505
french guiana,GUF,GUF,americas,south america,94,0.03548687424188336,13161288.966292135,13161288.97650664,0.8204863090991655,1.4678243105209396,1.2062271912129303,1.8243105209397343,0.019527235354573486,0.03186022610483042,0.10905504122853178,0.18544340633515186,0,0,0.3114080164439877,13161289.550561797,0,0.3702185222264552,0,0
guam,GUM,GUM,asia and the pacific,oceania,95,0.47907329102357227,5,5,18.96746055285136,18.666666666666668,22.46746079126994,22.166666666666668,6.833333333333333,6.333333333333333,0.4674604957302411,0.4674604957302411,0,0,6.666666666666667,7.166666666666667,0,0,0,3.5
guyana,GUY,GUY,americas,south america,96,0.03997465302379245,1739557.4345889024,1739557.438639125,1.4477055892845794,1.4005670311867153,1.5429676072163887,1.4933171324422843,0.019456830158086746,0.014997973246858533,0.09246289406468572,0.08719795618596968,0.11187677340899878,0.11106607215241183,0.674908796108634,1739558.1895504252,0.019456830158086746,0.5169775979838779,0.008512363194162952,0.02553708958248885
hong kong (special administrative region china),HKG,HKG,asia and the pacific,north-east asia,97,0.6365637076752526,2147483648,2147483648,NA,128,NA,128,NA,NA,NA,NA,NA,NA,NA,2147483648,NA,NA,NA,NA
heard island and mcdonald islands,HMD,HMD,asia and the pacific,oceania,98,0.04541534557938576,2147483648,2147483648,NA,128,NA,128,NA,NA,NA,NA,NA,NA,NA,2147483648,NA,NA,NA,NA
honduras,HND,HND,americas,mesoamerica,99,0.24492997745569994,22139006.739322532,22139006.776141383,7.9062105664495554,8.858615611192931,7.425598341411582,8.368924889543447,0.08779761904761904,0.2552083333333333,0.07337083273338726,0.14186576257890102,0.08407738095238096,0.09821428571428571,3.644345238095238,22139010.88807069,0.05952380952380952,1.6788218746937456,2.21875,0.84375
croatia,HRV,HRV,europe and central asia,central and western europe,100,0.45504877109395986,22992330.72805139,22992331.027837258,12.580415303572948,13.448608137044967,13.954874183063383,14.808351177730193,1.2348484848484849,2.3365800865800868,0.3373866901810883,0.3373866901810883,0.23593073593073594,0.24134199134199133,4.626623376623376,22992334.895074945,0.8398268398268398,2.2679204105427773,2.5833333333333335,2.507575757575758
haiti,HTI,HTI,americas,caribbean,101,0.6493473915149677,45552683.47272728,45552683.47272728,13.954501529965238,15.99090909090909,14.18410796425291,16.215151515151515,0.06191950464396285,0.10835913312693499,0.27049271452556056,0.2709969646332108,0.16718266253869968,0.12693498452012383,7.095975232198143,45552690.71212121,0.2476780185758514,2.7211605445150253,3.3591331269349847,3.2507739938080493
hungary,HUN,HUN,europe and central asia,central and western europe,102,0.5584505451437196,0.5531112507856694,0.46511627906976744,16.839425435836475,16.480201131363923,16.848853462919507,16.48962916404777,1.3117536140791954,1.6071653048397234,0.15373931505686647,0.15373931505686647,0.00502828409805154,0.0056568196103079825,5.645505971087366,5.556882463859208,1.4833438089252042,2.4072449111773637,5.279698302954117,5.16970458830924
indonesia,IDN,IDN,asia and the pacific,south-east asia,103,0.2301508595851453,23993688.094992537,23993688.10946759,6.118093725778971,7.254806169991405,8.270828517863977,9.376984665490568,0.16729185727355902,0.24263494967978042,0.16307503602551732,0.18804221565223406,0.0030649588289112534,0.001646843549862763,3.2464318389752975,23993691.69050527,0.06697163769441904,1.1054761534912916,1.2898444647758462,2.8634034766697165
isle of man,IMN,IMN,europe and central asia,central and western europe,104,0.40474703907966614,178956970.66666666,178956971.5,20.02922214161266,28.833333333333332,16.93831305070357,26,2.6363636363636362,2.727272727272727,0.5746766246580095,0.5746766246580095,0,0,5.454545454545454,178956976,0.7272727272727273,6.181818181818182,4.454545454545454,0
india,IND,IND,asia and the pacific,south asia,105,0.5449867752041637,4330358.79952202,4330358.878438597,13.974463312110336,13.872438945455452,15.975135217063414,15.868754512186014,0.44569447216124525,0.8635501895829176,0.11686923623941795,0.11931226449221867,0.013420474955098783,0.010726401915785272,6.668130113749751,4330365.715178371,0.31071642386749154,2.343300551146334,3.8984733586110556,4.963106166433845
british indian ocean territory (the),IOT,IOT,asia and the pacific,south asia,106,0.2610945999622345,2147483648,2147483648,NA,128,NA,128,NA,NA,NA,NA,NA,NA,NA,2147483648,NA,NA,NA,NA
ireland,IRL,IRL,europe and central asia,central and western europe,107,0.4283760133411121,26962498.23929099,26962498.35745938,11.574243346879799,12.6794682422452,10.950458740421258,12.063515509601181,0.9715781600598354,1.6559461480927449,0.18381105162943429,0.18381105162943429,0.8017950635751683,1.1241585639491398,4.130142109199701,26962502.002215657,0.4367988032909499,2.611823465744773,1.9895287958115184,0.1099476439790576
iran (islamic republic of),IRN,IRN,asia and the pacific,south asia,108,0.272410240410188,5351508.076183695,5351508.166518334,7.239047907530825,7.250311498754005,8.156419061480634,8.165405838376646,0.4230906495360457,0.6761241970021413,0.017452979975674764,0.017755970690287413,1.040640613847252,0.987731977159172,3.6132226980728053,5351511.894401923,0.051034975017844396,1.6239860930814436,0.2376427551748751,0.4175142755174875
iraq,IRQ,IRQ,asia and the pacific,western asia,109,0.2311379379237331,694080.2466063348,694080.3597285068,7.656514622890136,7.482870071105365,8.724248212496903,8.550258564964448,0.366311024894924,0.566925315227934,0.07470694511897688,0.07470694511897688,0.11590688651794374,0.11461364371160686,3.8064985451018427,694084.5609243697,0.09440672486259295,2.614300406397333,0.3790817976075008,0.41981894600711284
iceland,ISL,ISL,europe and central asia,central and western europe,110,0.04480433846188605,20744922.649731662,20744922.58533095,3.0027672800886838,3.902325581395349,2.8788517141079453,3.7796064400715563,0.18966763005780346,0.1268063583815029,0.20112024203623305,0.20112086208044502,0,0,0.31358381502890176,20744922.860822897,0,2.1788146727088558,0.007586705202312138,0
israel,ISR,ISR,europe and central asia,central and western europe,111,0.47803003995065707,21262217.339933995,21262217.9669967,16.60197693645954,17.386138613861387,19.245310256878536,20.003300330033003,3.8333333333333335,4.5,0.05240300758103937,0.05240300758103937,0.1,0.09666666666666666,5.416666666666667,21262220.524752475,0.6133333333333333,3.3895739296078684,0.16333333333333333,0.6766666666666666
italy,ITA,ITA,europe and central asia,central and western europe,112,0.5621901980204685,14810234.519122258,14810234.955903865,18.802263910646992,19.211494252873564,20.145487810387856,20.545454545454547,3.860479797979798,4.519570707070707,0.1538239804928102,0.1538239804928102,0.07449494949494949,0.05618686868686869,6.027777777777778,14810238.00229885,1.0067340067340067,2.798271582841321,2.399621212121212,2.7015993265993266
jamaica,JAM,JAM,americas,caribbean,113,0.5478596262357853,95443718.35555555,95443718.28148147,14.17459146366563,18.918518518518518,15.011800769687623,19.71851851851852,1.3953488372093024,1.9612403100775193,0.28844859148946767,0.28844859148946767,0.29457364341085274,0.27906976744186046,6.930232558139535,95443724.6074074,0.49612403100775193,3.4210266540216847,0.6511627906976745,0.7054263565891473
jersey,JEY,JEY,europe and central asia,central and western europe,114,0.7386117378870646,10,6.666666666666667,37.8973274230957,37.666666666666664,35.56399408976237,35.333333333333336,9,7.666666666666667,1.8973273634910583,1.8973273634910583,0,0,9,9,0,8,0,2.3333333333333335
jordan,JOR,JOR,asia and the pacific,western asia,115,0.1464524624487346,0.2581182348043297,0.4746044962531224,5.246095183886259,4.931723563696919,6.362664704045884,6.048293089092423,0.4462947543713572,0.7760199833472107,1.438011081408392e-4,1.438011081408392e-4,0.06328059950041633,0.06244796003330558,2.2273105745212325,2.8626144879267277,0.16652789342214822,1.9445358952018839,0.1398834304746045,0.07577019150707744
japan,JPN,JPN,asia and the pacific,north-east asia,116,0.4628653060433278,32513891.73367384,32513891.6369938,17.644680771701402,19.06493980299161,18.186262546887903,19.598321780372128,2.9855528801629934,3.0887201333580294,0.2772767639021466,0.2772767639021466,3.704389701796629e-4,3.704389701796629e-4,5.985923319133173,32513895.337468076,1.1616966104834228,4.675238765976256,0.39155399147990366,1.0877940359325802
kazakhstan,KAZ,KAZ,europe and central asia,central asia,117,0.16707959174753695,39162464.19509633,39162464.20350022,6.155408532465901,8.056747273987856,6.522575313404632,8.417085110406118,0.09991654005007597,0.097220141667915,0.020547316075962465,0.021645914916403507,1.9625072224956666,1.8574546855271887,1.2683558389864966,39162465.34905561,0.09381754370947377,1.8009144260734145,0.8701876778873933,1.3892443664533802
kenya,KEN,KEN,africa,east africa and adjacent islands,118,0.25750946861307,47527302.64502039,47527302.64356436,6.005221841375506,8.475538730343622,6.9248276666506925,9.371723937099592,0.016229898749255508,0.03052412150089339,0.019343655501544845,0.03900904213584647,1.0735556879094699,0.9871947587849911,2.452203692674211,47527305.62085032,0.052412150089338895,1.8828406724202413,0.49821322215604524,0.8703097081596188
kyrgyzstan,KGZ,KGZ,europe and central asia,central asia,119,0.18932584262488658,70956699.81081957,70956699.77842565,7.021704077281345,10.733074182053773,7.424049172639048,11.122125040492387,0.16984924623115577,0.13366834170854272,0.009579593538871254,0.009579630637996812,1.2609715242881072,1.1845896147403685,3.116247906197655,70956702.8069323,0.024120603015075376,1.5839837990014796,0.783249581239531,1.27571189279732
cambodia,KHM,KHM,asia and the pacific,south-east asia,120,0.2961969818451411,1981987.6769727734,1981987.7046608215,8.581066149968748,8.390862944162437,9.036341942912161,8.84033225657591,0.005080831408775982,0.03094688221709007,0.04424867872460963,0.09675311448579856,0.016166281755196306,0.022170900692840646,3.57459584295612,1981991.936778957,0.06651270207852195,1.7479029213721426,3.1265588914549656,2.7806004618937643
kiribati,KIR,KIR,asia and the pacific,oceania,121,0.09806988385613434,660764199.3846154,660764199.3846154,2,50.46153846153846,2.875,51,0,0,0,0,0,0,2.5555555555555554,660764201.6923077,0,0,0,0
saint kitts and nevis,KNA,KNA,americas,caribbean,122,0.5543692857027054,1073741824,1073741824,8.072127342224121,68,8.072127342224121,68,0,0,0.21962937712669373,0.21962937712669373,0,0,7,1073741827.5,0,0.8524976372718811,0,0
korea (the republic of),KOR,KOR,asia and the pacific,north-east asia,123,0.5585779277349098,55025553.037396125,55025553.26592798,17.494396416108998,19.967451523545705,17.503635930777783,19.97645429362881,4.1023454157782515,4.526652452025586,0.3451280959635584,0.3451280959635584,0,0,6.752665245202559,55025556.94459834,0.5287846481876333,2.538038725622512,0.6616915422885572,0.1890547263681592
kuwait,KWT,KWT,asia and the pacific,western asia,124,0.4074960844270114,138250022.61802575,138250022.83261803,13.20280114554484,20.326180257510728,13.523902057507716,20.626609442060087,3.761467889908257,3.793577981651376,0.10013426451181776,0.10013426451181776,0.03211009174311927,0.045871559633027525,4.729357798165138,138250024.7253219,0,2.056795338698483,0,0
lao people's democratic republic (the),LAO,LAO,asia and the pacific,south-east asia,125,0.19747654386651767,0.007029876977152899,0.02460456942003515,5.986686034738913,5.663620386643234,6.78300773966501,6.460105448154657,0.014411247803163444,0.03690685413005272,0.15366732492211363,0.16932118641587146,0.00421792618629174,0.00421792618629174,3.404920913884007,3.9437609841827768,0,1.8660591437024685,0.5363796133567662,0.7381370826010545
lebanon,LBN,LBN,asia and the pacific,western asia,126,0.4691034814938396,43826198.12244898,43826199.00680272,17.601194341977436,19.714285714285715,21.649805436531704,23.68027210884354,2.8194444444444446,3.8472222222222223,0.00429948508402352,0.00429948508402352,0.027777777777777776,0.027777777777777776,6.534722222222222,43826203.99319728,0.3888888888888889,5.263561493613654,1.3125,2.7222222222222223
liberia,LBR,LBR,africa,west africa,127,0.17228640409163323,1905486.8216503994,1905486.8216503994,4.982014813177539,4.883762200532387,5.3949538530719,5.2812777284826975,0,0.012433392539964476,0.05544946243265147,0.12202971445688104,0,0,3.0905861456483126,1905490.8642413488,0.12078152753108348,1.0935280506977179,0.6216696269982238,0
libya,LBY,LBY,africa,north africa,128,0.04677156387796416,405109.2125070741,405109.2304282211,1.84134109178804,1.651197887191096,2.003935430025998,1.8137615544236936,0.09221698113207547,0.12419811320754717,0.0022641102877539523,0.0022641102877539523,0.22037735849056603,0.21787735849056603,0.40122641509433965,405109.67458970007,7.547169811320754e-4,1.0672845286904078,0.002971698113207547,0.002971698113207547
saint lucia,LCA,LCA,americas,caribbean,129,0.46268652592386517,1.4285714285714286,1.4285714285714286,15.470918382917132,15,17.756632804870605,17.285714285714285,1.4285714285714286,3.7142857142857144,0.8146558041418237,0.8146558041418237,0,0,7,8,0,2.799119791814259,2,1
liechtenstein,LIE,LIE,europe and central asia,central and western europe,130,0.6841801802317301,6.666666666666667,6.666666666666667,25.116796175638836,24.666666666666668,27.116796175638836,26.666666666666668,6,5.666666666666667,0.48914052623634535,0.48914052623634535,0.3333333333333333,0,7,7.333333333333333,2.6666666666666665,1.9609891672929127,0,2.3333333333333335
sri lanka,LKA,LKA,asia and the pacific,south asia,131,0.38163716349644594,24842355.99228792,24842356.05655527,14.18546075721711,15.217223650385604,12.842157760739171,13.889460154241645,0.5656697009102731,0.9219765929778934,0.14507517665109576,0.14507517665109576,0.010403120936280884,0.011703511053315995,6.671001300390117,24842362.787917737,0.37451235370611186,3.609956462105787,2.639791937581274,0.5006501950585176
lesotho,LSO,LSO,africa,southern africa,132,0.3774229804410196,0,0.048426150121065374,8.54701968255401,8.2590799031477,8.792675489374858,8.50363196125908,0.031476997578692496,0.07263922518159806,0.036154137348226825,0.04210049256816253,2.0387409200968523,2.043583535108959,5.079903147699758,5.276029055690072,0,1.3098970435144826,0.05084745762711865,0
lithuania,LTU,LTU,europe and central asia,central and western europe,133,0.4944536762314881,0.1657874905802562,0.2185380557648832,9.91134597272377,9.582516955538809,12.08843715710126,11.759608138658628,0.3858327053504145,0.5388093443858327,0.10190157235111644,0.10190157235111644,0.009796533534287867,0.007535795026375283,4.6473247927656365,4.648078372268274,0.6088922381311228,3.05285058391211,0.9389600602863603,2.9118311981914093
luxembourg,LUX,LUX,europe and central asia,central and western europe,134,0.6243005723369365,3.061224489795918,2.857142857142857,23.121337287280024,22.775510204081634,19.121337316474136,18.775510204081634,5.551020408163265,5.551020408163265,0.05312811557035145,0.05312811557035145,0,0.3673469387755102,5.938775510204081,6.346938775510204,1.3061224489795917,2.496780631493549,4.714285714285714,0.14285714285714285
latvia,LVA,LVA,europe and central asia,central and western europe,135,0.3367506371787545,4705954.064280497,4705954.137326515,8.376790202292307,8.26880934989043,8.890699428834818,8.781592403214026,0.26061493411420206,0.39824304538799415,0.13314444766271064,0.13314444766271064,0.03513909224011713,0.034407027818448024,3.507320644216691,4705957.313367422,0.6793557833089312,2.6374964229053495,0.9992679355783309,1.4297218155197657
macao (special adminstrative region china,MAC,MAC,asia and the pacific,north-east asia,136,0.9060840010643005,2147483648,2147483648,NA,128,NA,128,NA,NA,NA,NA,NA,NA,NA,2147483648,NA,NA,NA,NA
saint martin (french part),MAF,MAF,americas,caribbean,137,0.5021931330362955,715827886,715827886,26.467416763305664,60,25.467416763305664,59.333333333333336,8.5,7.5,1.7885305881500244,1.7885305881500244,0,0,9,715827888.6666666,0,2.1788859963417053,0,0
morocco,MAR,MAR,africa,north africa,138,0.2501527500983236,377679.2328526205,377679.28209637705,7.601800878166419,7.308652831516004,9.328801756122182,9.035349982412944,0.14599824098504838,0.27352682497801234,0.007873038081356134,0.007873038081356134,1.006684256816183,0.8758135444151275,4.163588390501319,377683.7455153007,0.08161829375549692,1.8769533616519332,0.23641160949868073,1.4849604221635884
monaco,MCO,MCO,europe and central asia,central and western europe,139,NA,2147483648,2147483648,NA,128,NA,128,NA,NA,NA,NA,NA,NA,NA,2147483648,NA,NA,NA,NA
moldova (the republic of),MDA,MDA,europe and central asia,eastern europe,140,0.6745995649328678,2121476060.5674741,2121476060.5674741,16.07608331952776,126.63840830449827,16.647511754717147,126.64532871972318,1.1428571428571428,0,3.6116360255650113,3.6116360255650113,0,0,5.428571428571429,2121476060.629758,0,0.8930190290723529,5,7
madagascar,MDG,MDG,africa,east africa and adjacent islands,141,0.21724206191402137,7313321.239613132,7313321.239613132,6.7583341069026615,6.842800708350361,7.3376680400249015,7.41601961585615,0.004373974849644614,0.008611262985237835,0.0187836673958656,0.03838551302494919,1.0241935483870968,1.0557681793329687,3.0061509021323127,7313325,0.02077638053581192,2.4354225130086715,0.24589939857845816,0
maldives,MDV,MDV,asia and the pacific,south asia,142,NA,2147483648,2147483648,NA,128,NA,128,NA,NA,NA,NA,NA,NA,NA,2147483648,NA,NA,NA,NA
mexico,MEX,MEX,americas,mesoamerica,143,0.2574509526325885,7560049.884946194,7560049.9073488815,7.393095251060714,7.503180381645797,7.212186056308872,7.32271872624715,0.3919868320687302,0.4855674655746919,0.060072918701559806,0.06126657853073601,0.7836123489501786,0.8165723232566542,3.1673290778433496,7560052.970476457,0.1657232325665422,1.9076740754902628,0.6778272913404794,0.1787305793086836
marshall islands (the),MHL,MHL,asia and the pacific,oceania,144,0.027347400784492493,0,0,NA,128,NA,128,0,0,0,0,NA,NA,1,1,0,0,0,0
north macedonia,MKD,MKD,europe and central asia,central and western europe,145,0.4117681400885,0.3394255874673629,0.36553524804177545,12.82848901529225,12.493472584856397,11.97731407558638,11.642297650130548,0.6684073107049608,0.7519582245430809,0.05138489330992089,0.05138489330992089,0.22715404699738903,0.3472584856396867,4.900783289817232,4.7702349869451695,0.6892950391644909,2.5160075370854558,3.436031331592689,2.485639686684073
mali,MLI,MLI,africa,west africa,146,0.16164208652690507,0.001303016483158512,0.0032575412078962797,2.8607816223143225,2.6906638868981694,3.9281332900981747,3.757508632484201,0.001954524724737768,0.006449931591634634,0.001572490956170807,0.006444516955527274,0.6677959476187374,0.4820509479444915,1.2937650661280866,1.5641409863834776,0.009902925272004691,0.855756142833146,0.028731513453645188,1.0001303016483158
malta,MLT,MLT,europe and central asia,central and western europe,147,0.7945308188597361,2147483648,2147483648,NA,128,NA,128,NA,NA,NA,NA,NA,NA,NA,2147483648,NA,NA,NA,NA
myanmar,MMR,MMR,asia and the pacific,south-east asia,148,0.27618641361474794,31286482.583711486,31286482.58968235,7.873434738204968,9.29006448531168,8.869006594973396,10.269644136613326,0.022055259331071254,0.028356761997091615,0.17887896111963048,0.18147941598737924,0,0,4.213281628696073,31286487.119058993,0.08240426563257393,1.9497666499291701,1.4149297140087251,1.9943044110518662
montenegro,MNE,MNE,europe and central asia,central and western europe,149,0.3118760298507718,0.14218009478672985,0.2843601895734597,11.547182079740045,11.19431279620853,10.395523306882778,10.042654028436019,0.3791469194312796,0.6350710900473934,0.0886643214820203,0.0886643214820203,0.023696682464454975,0.05687203791469194,5.004739336492891,5.014218009478673,0.3412322274881517,2.0509348152938047,3.5165876777251186,1.9241706161137442
mongolia,MNG,MNG,asia and the pacific,north-east asia,150,0.06411420452279834,0.0022541984446030733,0.003005597926137431,3.5262413730911826,3.2677236352706918,3.8939023663967913,3.635120411766916,0.0035315775632114815,0.006424465567118759,0.005954008344328841,0.007608314585965399,1.718600894165383,1.5803433895630612,0.4721794341961904,0.4775895104632378,0.022842544238644475,1.269845923575487,0.031032798587368973,0.5262426268925875
northern mariana islands (the),MNP,MNP,asia and the pacific,oceania,151,0.6290431320667267,2.5,2.5,10.341397762298584,9.75,16.341397762298584,15.75,2.5,2.25,1.3413979411125183,1.3413979411125183,0,0,4,5,0,0,0,5.25
mozambique,MOZ,MOZ,africa,southern africa,152,0.15716702724992138,24004164.15172842,24004164.15586835,7.584523636914418,8.644794038501345,6.66775830216861,7.733078037673359,0.007012769520619635,0.018526271718651875,0.040842096903562816,0.07665335869684348,1.1126229851371154,1.5809693290065947,2.634565058096933,24226428.141585592,0.061970061760703445,1.5936092317672121,2.1284278836089596,0.07400816497435361
mauritania,MRT,MRT,africa,north africa,153,0.05752914815191428,1654710.779781168,1654710.780551703,1.3074253921858223,1.2926490984743413,1.4501277930634688,1.4349668670057019,0.0028531770512029613,0.0032387415175817395,0.0016947945469362913,0.005979552354246815,0.2821560764959901,0.27745219000616905,0.5494293645897594,1654711.4507628295,0.0215916101172116,0.43034503426009824,0.017813078346699568,0.03616594694632943
montserrat,MSR,MSR,americas,caribbean,154,0.408610463142395,0,0,16.288530349731445,15.5,14.288530349731445,13.5,2.5,1.5,1.7885305881500244,1.7885305881500244,0,0,6,5,0,6,0,0
martinique,MTQ,MTQ,americas,caribbean,155,0.5338289331306111,195225788.9090909,195225790.72727272,22.71177625656128,31.727272727272727,24.511776542663576,33.36363636363637,5.1,7,0.39245279505848885,0.39245279505848885,0,0,8,195225793.45454547,0.8,3.3193236887454987,2.1,0
mauritius,MUS,MUS,africa,east africa and adjacent islands,156,0.4150519275665283,257698039.76,257698040.16,19.23032398657365,31.96,20.912142125043,33.44,3.3636363636363638,4.318181818181818,0.10062511197627994,0.10062511197627994,0,0,8,257698045.04,1.0909090909090908,4.402426058595831,0,0
malawi,MWI,MWI,africa,southern africa,157,0.3878029865281236,409406875.5081502,409406875.5081502,9.596426962475226,31.895109851169384,8.475029833027653,30.98582565556343,0.0297723292469352,0.09982486865148861,0.07355971220301244,0.10452685521355887,0.318739054290718,0.4019264448336252,5.166374781085814,409406880.0949681,0.1190893169877408,1.9317989667482844,1.9308231173380035,0.09807355516637478
malaysia,MYS,MYS,asia and the pacific,south-east asia,158,0.20070201513628078,16707601.169605808,16707601.400414938,6.6960387896009275,7.414678423236515,8.790223574374334,9.486255186721992,0.29247255619445894,0.7391531625718767,0.19702113572672944,0.23161366770130057,0.0013068478829064297,2.6136957658128593e-4,3.4702038682697336,16707604.75855809,0.10454783063251437,1.072201140462511,1.3831677992681652,2.442498693152117
mayotte,MYT,MYT,africa,east africa and adjacent islands,159,0.483936424766268,306783378.28571427,306783379.71428573,17.542760848999023,33.142857142857146,23.042761007944744,37.857142857142854,0.8333333333333334,2.6666666666666665,2.3760942171017327,2.3760942171017327,0,0,7,306783386,0,7.333333333333333,0,0
namibia,NAM,NAM,africa,southern africa,160,0.06893148103392552,1033537.2326499182,1033537.2297622486,2.9209470917932987,2.7536817788045047,3.0215881901125514,2.8541726826451055,0.00895608628659476,0.011556240369799691,0.009175996877505936,0.010510348046732157,1.3410053929121726,1.3510884222693123,0.32065112695049125,1446952.5975551063,0.04854555962242343,1.1148130552338351,0.07145608628659476,0
new caledonia,NCL,NCL,asia and the pacific,oceania,161,0.10137460511336979,100520511.22553192,100520511.22553192,8.058514581194945,13.336170212765957,8.750478861587387,13.995744680851065,0.06696428571428571,0.13839285714285715,0.3750949855657219,0.3750949855657219,0,0,2.1294642857142856,100520514.07234043,0,2.536098165836717,2.90625,2.625
niger (the),NER,NER,africa,west africa,162,0.12807322426999482,3849598.3768615555,3849598.3768615555,1.7350613911279675,1.8883756205184776,2.162261653572654,2.3148097076668503,0.0019339687802182623,0.004144218814753419,0.0017306472837635232,0.002352653798454896,0.490744577980384,0.46636275728691806,0.9675369526177648,3849599.699669057,0,0.26952359134452025,0.002900953170327393,0.09331399364553115
norfolk island,NFK,NFK,asia and the pacific,oceania,163,0.3268698453903198,2147483648,2147483648,NA,128,NA,128,NA,NA,NA,NA,NA,NA,NA,2147483648,NA,NA,NA,NA
nigeria,NGA,NGA,africa,west africa,164,0.5406380779384528,12554887.885486266,12554887.822383074,9.019204401534823,9.405716406829992,11.85521305302584,12.223088344469192,0.2591244282647251,0.243442546438906,0.059056589727691386,0.08287443462654144,0.44562680855035935,0.17791468309530478,5.2910482591244286,12554893.748886414,0.0627275273032764,2.434431408788158,0.2776999906655465,2.6404368524222908
nicaragua,NIC,NIC,americas,mesoamerica,165,0.25115357008418443,171186318.05832794,171186318.0712897,9.029224632294651,18.30136098509397,9.476087169454214,18.699287103046014,0.07183098591549296,0.1267605633802817,0.127490482002204,0.18843753303842445,0.7443661971830986,0.7809859154929577,3.3338028169014087,171186321.66753078,0.028169014084507043,2.783424291392447,1.897887323943662,1.547887323943662
niue,NIU,NIU,asia and the pacific,oceania,166,0.19988086819648743,0,0,9,48.666666666666664,8,48,0,0,0,0,0,0,3,2,0,5.333333333333333,0,0
netherlands (the),NLD,NLD,europe and central asia,central and western europe,167,0.6596036448172311,5.069444444444445,4.25,25.475948465491335,25.15972222222222,23.288448512305816,22.97222222222222,6.780555555555556,6.195833333333334,0.06680059063766951,0.06680059063766951,0.013888888888888888,0.3333333333333333,7.3805555555555555,7.473611111111111,1.1444444444444444,2.706370227245821,2.313888888888889,1.1180555555555556
norway,NOR,NOR,europe and central asia,central and western europe,168,0.17462130113106383,44625613.027014546,44625613.02008774,5.402682372426627,7.62006465019626,5.4199478663891645,7.627337797275456,0.6344022636170714,0.8165526998349446,0.2688367989099489,0.319231274102691,2.357934449422306e-4,2.357934449422306e-4,1.8269276114124027,44625614.33837451,0.19146427729309126,1.9586510441967182,0.12131572742277764,0
nepal,NPL,NPL,asia and the pacific,south asia,169,0.3368525296502176,0.035842293906810034,0.02048131080389145,9.799882413421726,9.474142345110087,11.540852108538243,11.212493599590374,0.04198668714797747,0.05837173579109063,0.13256803424615257,0.15771592645321394,0.05478750640040963,0.039938556067588324,5.690220174091142,6.219150025601638,0.02457757296466974,1.9811904932283098,1.8387096774193548,3.039426523297491
nauru,NRU,NRU,asia and the pacific,oceania,170,NA,2147483648,2147483648,NA,128,NA,128,NA,NA,NA,NA,NA,NA,NA,2147483648,NA,NA,NA,NA
new zealand,NZL,NZL,asia and the pacific,oceania,171,0.16740604633842968,30700266.69049321,30700266.692875862,6.402774606282303,8.516797712651893,8.194344610550548,10.271384322134859,0.16340343243896543,0.1747643219724438,0.19619203191508977,0.201118073071197,0.9448225571220223,0.5483714146815751,1.2378535170413343,30700267.8718132,0.2823301909596326,2.911162234134999,0.5702199661590525,2.6785109983079525
oman,OMN,OMN,asia and the pacific,western asia,172,0.12357063170755221,6677845.111686965,6677845.2412542105,2.6414401425319367,2.778180875874579,3.4780485078070087,3.6087069188909044,0.20197556537561737,0.4304652976345204,0.020270932354672113,0.03675972366263137,0.05588770470496491,0.05510787626722121,0.9386534962308292,6677846.385332988,0,1.2647876171111936,0.027293995321029375,0.01819599688068625
pakistan,PAK,PAK,asia and the pacific,south asia,173,0.3563574178620966,3463977.542405977,3463977.558536378,8.844099656824453,8.86781560404109,9.681814680316057,9.703879786059938,0.4949829931972789,0.7429421768707483,0.07040544021925184,0.07172591118503177,0.04914965986394558,0.05153061224489796,5.166581632653061,3463983.1272603786,0.14217687074829932,0.8299867445286236,1.9071428571428573,1.8660714285714286
panama,PAN,PAN,americas,mesoamerica,174,0.2202571800380776,62806046.09448819,62806046.105736785,7.906288227366407,11.210348706411699,7.7573506571050315,11.043869516310462,0.20625724217844726,0.36152954808806487,0.17474320622377942,0.290000307820999,0.2827346465816918,0.2989571263035921,3.3267670915411354,62806049.50731158,0.03707995365005794,2.1544882326731125,1.5735805330243338,0.7867902665121669
pitcairn,PCN,PCN,asia and the pacific,oceania,175,0.18505622446537018,1908874353.7777777,1908874353.7777777,1,113.88888888888889,1,113.88888888888889,0,0,0,0,0,0,1,1908874353.8888888,0,0,0,0
peru,PER,PER,americas,south america,176,0.13743749812402387,9646271.216847861,9646271.222055856,3.2127250223939803,3.592409348349717,3.8443841600305735,4.201354078510514,0.0507454878367774,0.07513732670677478,0.08600607261550351,0.16031496266486536,0.3242218153282762,0.30035312581742085,1.7491498822913942,9646273.286569884,0.03348155898509024,0.8618745917862166,0.07781846717237771,0.2700758566570756
philippines (the),PHL,PHL,asia and the pacific,south-east asia,177,0.3555859423447581,41916936.93691655,41916936.97369166,12.151871356706845,14.088543140028289,14.453088887203517,16.342008486562943,0.18349682631275246,0.2867859203693018,0.31117741925711373,0.33859228972855554,0,0,6.235141373341027,41916943.45374823,0.13848817080207732,2.196723968065755,2.9829774956722446,4.600692440854011
palau,PLW,PLW,asia and the pacific,oceania,178,0.19145475079615912,0,0,11.604106028874716,11.333333333333334,8.104106028874716,7.833333333333333,0.3333333333333333,0.5,1.6872663746277492,1.6872663746277492,0,0,3.5,4.5,0,1.4168396592140198,4.666666666666667,0
papua new guinea,PNG,PNG,asia and the pacific,oceania,179,0.17299376136985997,22017408.33174661,22017408.333577443,2.8642841354370825,4.027462467960454,5.71550573801668,6.8392530208714755,0.007399186089530152,0.020532741398446172,0.08029225012456806,0.12130297507131615,0,0,2.225860155382908,22017411.049798608,0,0.5017129372401543,0.04532001479837218,2.316500184979652
poland,POL,POL,europe and central asia,central and western europe,180,0.5652260672831068,1455181.7248856514,1455182.1382347958,16.122116140762333,15.868202608842962,16.52303152574202,16.268846349313907,1.1105272080013562,2.6448550601796916,0.06023637188355925,0.06023637188355925,0.032208848957450416,0.024241396846923207,5.574334632988642,1455186.7972217517,1.1364638074249873,2.6440123530146753,5.033734531276488,3.4626207831835902
puerto rico,PRI,PRI,americas,caribbean,181,0.6359055661342361,153391695.30357143,153391694.94642857,28.405380074794476,35.348214285714285,27.097687702912552,34.13392857142857,7.596153846153846,7.230769230769231,0.1928055036594462,0.1928055036594462,0.019230769230769232,0.019230769230769232,7.673076923076923,153391696.5625,0.5384615384615384,4.876036025010622,0.875,0
korea (the democratic people's republic of),PRK,PRK,asia and the pacific,north-east asia,182,0.34442106671087314,19501721.173076924,19501721.178418804,11.076271978928395,11.806089743589743,9.801554418445598,10.542735042735043,0.029649595687331536,0.03288409703504043,0.17202083984420063,0.1727749741650749,0,0,6.269541778975741,19501727.549679488,0.6986522911051213,2.3861918610382595,1.509433962264151,0.04905660377358491
portugal,PRT,PRT,europe and central asia,central and western europe,183,0.4410818806961879,10853708.89963899,10853709.715523466,11.909935285979328,12.144404332129964,14.274957055882895,14.497472924187726,1.6937590711175616,2.936865021770682,0.1555837297223826,0.1555837297223826,0.11538461538461539,0.05878084179970972,4.799709724238026,10853712.514079422,0.6269956458635704,2.495280439150351,1.0870827285921625,1.676342525399129
paraguay,PRY,PRY,americas,south america,184,0.186625888470543,0.04530234390388024,0.0531810124089029,4.512899901498508,4.236950955288556,5.765748617272478,5.487492613748277,0.06913531613157377,0.11128619263344494,0.05785205173588019,0.06488631002780765,1.5046287177467008,1.1774670080756353,1.3628126846562931,1.6724443569036833,0.025211739216072483,1.330761859172532,0.11719519401221194,1.3305101437857003
"palestine, state of",PSE,PSE,asia and the pacific,western asia,185,0.6557986839186578,124853703.37209302,124853704.53488372,18.949321605541087,25.03488372093023,22.492531409602105,28.372093023255815,4.703703703703703,5.493827160493828,0,0,0,0,7.209876543209877,124853707.95348836,0.09876543209876543,3.4184574683507285,0.43209876543209874,1.2098765432098766
french polynesia,PYF,PYF,asia and the pacific,oceania,186,0.20345106446429304,523776499.5121951,523776499.75609756,5.896561668765161,35.51219512195122,6.670755217152257,36.09756097560975,0.1935483870967742,0.2903225806451613,0.27479348419517685,0.27479348419517685,0,0,4.290322580645161,523776503.0243902,0,1.13789725688196,0,0
qatar,QAT,QAT,asia and the pacific,western asia,187,0.34495548953946004,57650569.275167786,57650570.48322148,8.809430776998914,11.644295302013424,11.86460316510036,14.61744966442953,2.4827586206896552,3.8275862068965516,0.2093994702873621,0.2093994702873621,0.1103448275862069,0.06896551724137931,2.4551724137931035,57650570.61744966,0,1.9655485525213439,0,0
réunion,REU,REU,africa,east africa and adjacent islands,188,0.5689918681979179,143165577.53333333,143165579.2,14.44737786906106,21.7,18.51880645751953,25.5,1.9285714285714286,3.2142857142857144,0.23114955738128629,0.23114955738128629,0,0,7,143165584,0.5714285714285714,3.6447996901614323,0,0
romania,ROU,ROU,europe and central asia,central and western europe,189,0.4918519280634792,1619113.2379994974,1619113.356119628,13.395893329765714,13.152802211610958,13.923307810301033,13.679819050012567,0.44969818913480886,0.8395372233400402,0.09585079266255493,0.09585079266255493,0.15618712273641852,0.20975855130784707,5.269114688128773,1619118.2631314402,0.738430583501006,2.802809144154761,3.7253521126760565,3.772887323943662
russian federation (the),RUS,RUS,europe and central asia,eastern europe,190,0.07149054499170347,14199514.370147947,14199514.358037146,2.5461687264256425,3.2188224209228955,2.4988188012082944,3.1702150440414383,0.18735973289070604,0.16493615675904835,0.06993394411686266,0.07616004834222519,0.03664808591064469,0.028402925331231718,0.7310679820937134,14199514.934734918,0.09574929282622806,0.804425260264869,0.5278833648298112,0.5870009365112441
rwanda,RWA,RWA,africa,east africa and adjacent islands,191,0.46439718693768334,79536431.4074074,79536431.44107744,10.209542923040324,14.242424242424242,10.580786444924094,14.58922558922559,0.017482517482517484,0.055944055944055944,0.08411860971318674,0.13368381436173407,0.458041958041958,0.46503496503496505,7.286713286713287,79536438.84511785,0,1.9715781527590919,0.3916083916083916,0.1958041958041958
saudi arabia,SAU,SAU,asia and the pacific,western asia,192,0.1284536731915558,3410092.287947883,3410092.3473941367,3.7294068743335127,3.732899022801303,4.4699965683869225,4.472312703583062,0.2570857632233596,0.39517148566534804,0.007949997624980392,0.007949997624980392,0.01300925737123282,0.012805350515884344,2.3457036825578075,3410094.9840798047,0.00783002324538151,0.9190834042899182,0.002569226377390808,0.014844419069369112
sudan (the),SDN,SDN,africa,north africa,193,0.20193484395372038,188483.23412472024,188483.23763549392,4.938155523098647,4.714661868609295,5.4935444468188495,5.269407995787072,0.011016019310950186,0.02369980250164582,0.019811416758462052,0.023170497599784522,1.1421549264867237,1.067632214175993,2.0004827737546633,188485.6503269408,0.03405749396532807,1.5288334691775638,0.19477726574500767,0.38218125960061444
senegal,SEN,SEN,africa,west africa,194,0.3834661667377689,2710328.562894405,2710328.5671013882,5.731435138082545,5.668910391249474,8.568148908237498,8.498527555742532,0.02653748946925021,0.062342038753159225,0.031363760644904634,0.05257626829727697,0.6040438079191238,0.3087615838247683,3.452822240943555,2710332.648296172,0.09098567818028644,0.8352862149351469,0.6693344566133108,3.081297388374052
singapore,SGP,SGP,asia and the pacific,south-east asia,195,0.724628709256649,536870919.5,536870919.5,34.71566422780355,57.625,34.71566422780355,57.625,10,10,1.256780040760835,1.256780040760835,0,0,10,536870919.5,1.3333333333333333,2.1255508263905845,0,0
south georgia and the south sandwich islands,SGS,SGS,americas,south america,196,0.008940018331393218,2147483648,2147483648,NA,128,NA,128,NA,NA,NA,NA,NA,NA,NA,2147483648,NA,NA,NA,NA
"saint helena, ascension and tristan da cunha",SHN,SHN,africa,southern africa,197,0.19927503634244204,2147483648,2147483648,NA,128,NA,128,NA,NA,NA,NA,NA,NA,NA,2147483648,NA,NA,NA,NA
svalbard and jan mayen,SJM,SJM,europe and central asia,central and western europe,198,0.014720012810850416,109070839.90970655,109070839.90970655,0.0023781212841854932,6.503386004514673,0.0023781212841854932,6.503386004514673,0,0,0,0,0,0,0,109070839.90970655,0.0023781212841854932,0,0,0
solomon islands,SLB,SLB,asia and the pacific,oceania,199,0.11396066266420583,161222496.0960961,161222496.0960961,5.812684594810783,14.771771771771771,7.72529591445799,16.53153153153153,0,0.006493506493506494,0.24714670271214936,0.2669008934088362,0,0,2.918831168831169,161222499.23723724,0,1.192161269776233,1.4545454545454546,2.8636363636363638
sierra leone,SLE,SLE,africa,west africa,200,0.2529543520561172,17358412.859122403,17358412.859122403,8.345511676546304,9.033487297921479,7.252806141712335,7.952655889145497,0.01629802095459837,0.011641443538998836,0.12569883970127566,0.10866269150975505,0.03841676367869616,0.03841676367869616,4.784633294528522,17358418.08660508,0.08381839348079162,1.7401853791493338,1.5564610011641444,0
el salvador,SLV,SLV,americas,mesoamerica,201,0.6250575803944215,8624432.722891565,8624432.843373494,15.254940142554622,15.405622489959839,14.875907897949219,15.028112449799197,0.7419354838709677,1.3387096774193548,0.20498792728811518,0.20498792728811518,0.5080645161290323,0.6814516129032258,6.911290322580645,8624439.542168675,0.45161290322580644,3.4088231845488473,2.625,1.0161290322580645
san marino,SMR,SMR,europe and central asia,central and western europe,202,0.8428991436958313,10,10,40,40,40,40,10,10,0,0,0,0,8,8,8,4,0,0
somalia,SOM,SOM,africa,east africa and adjacent islands,203,0.22376276584641033,2877892.855802734,2877892.8544626106,5.6083433283187984,5.539667649423747,6.809069196671103,6.735727686947199,0.0014761137949543747,0.001878690284487386,0.012667406098157624,0.031160316035103098,1.8429951690821256,1.4562533548040795,2.4692699946323136,2877895.71750201,0,1.2721386294865953,0.008454106280193236,1.180756843800322
saint pierre and miquelon,SPM,SPM,americas,north america,204,0.1884462296962738,2147483648,2147483648,NA,128,NA,128,NA,NA,NA,NA,NA,NA,NA,2147483648,NA,NA,NA,NA
serbia,SRB,SRB,europe and central asia,central and western europe,205,0.5191887809068366,0.42755344418052255,0.665083135391924,13.877449910034759,13.52731591448931,15.19494791023333,14.844813935075218,1.0411718131433096,1.9326999208234363,0.1760449841018309,0.1760449841018309,0.1330166270783848,0.12984956452889945,6.0079176563737136,6.011084718923199,0.7474267616785432,2.733867328410477,2.6104513064133017,2.79889152810768
south sudan,SSD,SSD,africa,east africa and adjacent islands,206,0.2179969890578625,0.0026961445133459154,0,5.566049054855605,5.294284173631707,6.876075422034234,6.60070099757347,0.009436505796710704,0.0041790239956861685,0.004675219610092322,0.024731249190793662,1.5308708546778107,1.361957400916689,2.1610946346724185,2.9956861687786467,0.007549204637368563,1.6496725768839198,0.2000539228902669,0.8322998112698841
sao tome and principe,STP,STP,africa,central africa,207,0.2707619828482469,0,0,9.92159934838613,9.416666666666666,10.838265975316366,10.333333333333334,0.5,0.4166666666666667,0.6139873479014568,0.6139873479014568,0,0,5.833333333333333,6.833333333333333,0.6666666666666666,2.3076120018959045,0,0
suriname,SUR,SUR,americas,south america,208,0.0369980516546506,7478178.704585026,7478178.716192687,0.7468175560776343,1.1033081834010448,0.8369894474889521,1.1764364480557168,0.0244612696563774,0.052417006406523005,0.07622615603495819,0.14717847818739538,0,0,0.3768200349446709,7478179.03598375,0.023296447291788,0.23436542640748798,0,0.0122306348281887
slovakia,SVK,SVK,europe and central asia,central and western europe,209,0.5074335595105435,0.8051341890315052,0.5017502917152858,15.634197854940087,15.263710618436406,14.329647107608398,13.959159859976662,2.128354725787631,1.749124854142357,0.09092465249614709,0.09092465249614709,0.10968494749124855,0.19486581096849476,5.574095682613769,5.700116686114352,1.1855309218203034,2.3344050977583386,3.4060676779463246,2.572928821470245
slovenia,SVN,SVN,europe and central asia,central and western europe,210,0.45789640484074784,0.572289156626506,0.8734939759036144,12.844523947641074,12.481927710843374,12.856572162494603,12.493975903614459,2.0783132530120483,2.7560240963855422,0.14971478558788795,0.14971478558788795,0.12048192771084337,0.13855421686746988,5.22289156626506,5.271084337349397,0.7469879518072289,2.077339326671089,1.8765060240963856,0.8433734939759037
sweden,SWE,SWE,europe and central asia,central and western europe,211,0.17800146187639776,11128813.469653051,11128813.262362758,6.766959522902972,7.064997804128239,6.048375422224335,6.350109793588055,1.0245452940137736,0.7703514038495497,0.1599191052300935,0.15994705140007637,9.712166696097474e-4,7.946318205897933e-4,2.261522161398552,11128814.963636363,0.4527635528871623,2.2304732291711717,0.09641532756489493,0.05995055624227441
eswatini,SWZ,SWZ,africa,southern africa,212,0.4848380926510562,0.043478260869565216,0.13043478260869565,12.733298309989598,12.369565217391305,10.259385258218517,9.895652173913044,0.22608695652173913,0.34782608695652173,0.043157391541369536,0.043157391541369536,0.4826086956521739,1.8304347826086957,4.7043478260869565,5.391304347826087,0.3130434782608696,1.9901409438122875,4.930434782608696,0.21304347826086956
sint maarten (dutch part),SXM,SXM,americas,caribbean,213,0.6902655959129333,10,10,33.516754150390625,33,33.516754150390625,33,10,10,1.7885305881500244,1.7885305881500244,0,0,9,9,0,2.728224039077759,0,0
seychelles,SYC,SYC,africa,east africa and adjacent islands,214,0.13862089440226555,2147483648,2147483648,NA,128,NA,128,NA,NA,NA,NA,NA,NA,NA,2147483648,NA,NA,NA,NA
syrian arab republic (the),SYR,SYR,asia and the pacific,western asia,215,0.31984836956053014,2426535.5834274953,2426535.54952919,9.947907726779063,9.749905838041432,11.28576593820236,11.086252354048964,0.7711161387631976,0.9128959276018099,0.034971636113856404,0.034971636113856404,0.8623680241327301,0.8819758672699849,4.708898944193062,2426540.7758945385,0.17194570135746606,2.1734941771329797,0.8367269984917044,1.1693061840120664
turks and caicos islands (the),TCA,TCA,americas,caribbean,216,0.1832934759557247,1288490188.8,1288490188.8,11.14492654800415,81.1,13.14492654800415,81.9,0,1,2.2146283388137817,2.2146283388137817,0,0,4,1288490190.8,0,1.4302982166409492,3.5,3.5
chad,TCD,TCD,africa,central africa,217,0.14332821211428382,14619150.872017635,14619150.872665975,3.1957074239450254,3.855873962655602,4.070491830532556,4.722251037344399,6.527841242900973e-4,0.0020236307852993015,0.019590106294972542,0.034070314626806715,1.006332006005614,0.8061231150858411,1.2039297604282264,14619152.540197095,0,0.9595235517628239,0.005026437757033749,0.5871793197989424
togo,TGO,TGO,africa,west africa,218,0.43383338636666796,0.11730205278592376,0.02932551319648094,7.664309362162593,7.318181818181818,8.91850976580399,8.564516129032258,0.09970674486803519,0.054252199413489736,0.003927998962676464,0.06458000080385207,0.17595307917888564,0.13049853372434017,4.922287390029325,5.57624633431085,0.2932551319648094,1.9697655521966844,0.08211143695014662,0.8005865102639296
thailand,THA,THA,asia and the pacific,south-east asia,219,0.548331754419434,5172167.032755299,5172167.210982659,12.275253015076425,12.244059087989724,13.411704431284496,13.377809890815671,0.4537260582649284,0.5802349911475938,0.13818732329753644,0.13750691692009614,0,0,5.623853211009174,5172172.7111432245,0.11717366811524223,1.9675823559934498,3.723643972316111,4.236278770320296
tajikistan,TJK,TJK,europe and central asia,central asia,220,0.19057782425573108,0.09009009009009009,0.01896633475580844,6.193960360211182,5.917022285443338,6.642245064376937,6.363679468942627,0.26078710289236606,0.06590801327643434,0.0761671523549343,0.0849070505952974,0.37790422000948315,0.3413940256045519,3.0412517780938835,3.2987197724039827,0.11379800853485064,1.3411218145409145,0.8928402086296823,1.377430061640588
tokelau,TKL,TKL,asia and the pacific,oceania,221,0.17948545515537262,2147483648,2147483648,NA,128,NA,128,NA,NA,NA,NA,NA,NA,NA,2147483648,NA,NA,NA,NA
turkmenistan,TKM,TKM,europe and central asia,central asia,222,0.2030075516090719,1460873.281632653,1460873.300680272,5.716461132375333,5.52843537414966,6.542156032587419,6.353469387755102,0.11776718856364875,0.14649421375085092,0.02621053449424634,0.02658208533470714,1.486861810755616,1.3844792375765826,2.007079646017699,1460875.785442177,0.08168822328114364,1.5076774307787215,0.43744043567052415,0.7671885636487407
timor-leste,TLS,TLS,asia and the pacific,south-east asia,223,0.4236424027031727,71582788.26666667,71582788.26666667,9.82939628074909,13.394444444444444,13.487260286835419,16.91111111111111,0.017241379310344827,0.028735632183908046,0.0894197370466984,0.12084694963943192,0.040229885057471264,0.005747126436781609,4.833333333333333,71582792.85,0,1.9928501027411427,2.8563218390804597,6.597701149425287
tonga,TON,TON,asia and the pacific,oceania,224,0.2706887722015381,2147483648,2147483648,NA,128,NA,128,NA,NA,NA,NA,NA,NA,NA,2147483648,NA,NA,NA,NA
trinidad and tobago,TTO,TTO,americas,caribbean,225,0.45860996475586524,66076421.47692308,66076423.78461538,14.34721289173005,17.49230769230769,19.728165295388962,22.70769230769231,2.507936507936508,5.333333333333333,0.38266885087709634,0.38266885087709634,0,0,6.571428571428571,66076426.36923077,0.7619047619047619,2.535972675633809,0,0.1111111111111111
tunisia,TUN,TUN,africa,north africa,226,0.2504471778710144,10816080.832417583,10816080.901098901,7.315188563657257,7.657967032967033,8.120986995722257,8.45970695970696,0.37551771744132534,0.558214450069029,0.03199982973253845,0.03199982973253845,0.393005062126093,0.3451449608835711,4.092959042797975,10816084.944139194,0.22457432121491025,1.3480759913258655,0.660377358490566,1.034054302807179
turkey,TUR,TUR,europe and central asia,central and western europe,227,0.44842862949847123,8622222.248077909,8622222.295062361,10.83878573429698,10.966512899367846,11.551625595604824,11.676490688535793,0.36418217685907883,0.5103353632386998,0.08006901591983759,0.08006901591983759,0.32815850415987646,0.2558538468136204,5.324384595591389,8622227.60806424,0.17703062012179432,2.315625556660042,2.0623552620293335,2.409983703576636
tuvalu,TUV,TUV,asia and the pacific,oceania,228,NA,2147483648,2147483648,NA,128,NA,128,NA,NA,NA,NA,NA,NA,NA,2147483648,NA,NA,NA,NA
taiwan (province of china),TWN,TWN,asia and the pacific,north-east asia,229,0.42153018157019984,23190970.9287257,23190971.20950324,20.131470986328793,20.980561555075592,18.703523404733584,19.56803455723542,3.3013100436681224,3.7336244541484715,0.17922768270931969,0.17922768270931969,0,0.008733624454148471,7.602620087336245,23190975.67386609,0.8908296943231441,2.567963828035838,2.7510917030567685,0.5655021834061136
"tanzania, the united republic of",TZA,TZA,africa,east africa and adjacent islands,230,0.23635566823527515,116913383.87450343,116913383.87630914,7.588210535865566,13.959281328999639,7.037231662815671,13.436529433008307,0.01193545306979853,0.01413157643464146,0.03137834700726391,0.0421296381443393,1.0634966103313281,1.3008689009834813,3.685667907953786,116913388.15592271,0.0641649957032369,0.8853913520424662,1.8414016996085172,0.19115821636589325
uganda,UGA,UGA,africa,east africa and adjacent islands,231,0.43737550807960607,305044613.13425434,305044613.1377967,9.26405575577382,25.85795253276656,9.522816438637028,26.07970244420829,0.019405450041288193,0.03303055326176713,0.03850674527585794,0.03921623711963754,0.2861271676300578,0.27663088356729976,4.78447563996697,305044618.02798444,0.10569777043765483,1.8093640517218854,2.208092485549133,1.5260115606936415
ukraine,UKR,UKR,europe and central asia,eastern europe,232,0.4859743191530708,15498757.610460212,15498757.411753679,13.556082215824157,14.04648983034961,14.233575500398763,14.71909269847221,1.0184101208459215,0.5115181268882175,0.09992757990079876,0.09992841131776437,0.016427492447129908,0.010007552870090634,5.020203927492447,15498761.993532665,0.6593655589123867,2.7311735335748724,3.6282099697885197,5.242069486404834
united states minor outlying islands (the),UMI,UMI,asia and the pacific,oceania,233,0,2147483648,2147483648,NA,128,NA,128,NA,NA,NA,NA,NA,NA,NA,2147483648,NA,NA,NA,NA
uruguay,URY,URY,americas,south america,234,0.2185381594409116,872251.7944760357,872251.7985377741,8.587210480711086,8.291632818846466,8.56954483427062,8.272948822095858,0.13937423811458757,0.19544900446972777,0.12424504943365257,0.12933438315391454,1.9492076391710687,1.970337261275904,2.589597724502235,872254.4309504468,0.26655830963023164,1.8412669496485878,1.567249085737505,1.305566842746851
united states of america (the),USA,USA,americas,north america,235,0.1917139344795557,41970277.97790577,41970277.989164375,6.2535217883109455,8.402143488050957,6.11041931742083,8.261572720600126,0.8746954778460133,0.9608815916357915,0.08645439535779986,0.0873691591255292,0.5580002537749017,0.5586473797741404,1.5610122823935442,41970279.117052115,0.4390701923564939,1.4721731247342278,0.707665076384307,0.3101114043546668
uzbekistan,UZB,UZB,europe and central asia,central asia,236,0.28254423307578064,131484875.17006022,131484875.04244336,7.827073187045657,14.904359047892171,7.587574180326554,14.67952394608546,0.5711012677562243,0.36047044447838705,0.021774073303089843,0.021774073303089843,1.09638002138384,1.258133496257828,2.5613257980754542,131484877.55979352,0.1295249732702001,1.6201761741118885,1.5610203146479305,1.2563005956926836
holy see (the),VAT,VAT,europe and central asia,central and western europe,237,NA,NA,NA,NA,NA,NA,NA,NA,NA,NA,NA,NA,NA,NA,NA,NA,NA,NA,NA
saint vincent and the grenadines,VCT,VCT,americas,caribbean,238,0.44514865428209305,536870912,536870912,11.688815434773764,40.25,10.688815434773764,39.5,0,0.3333333333333333,0.6058237779264649,0.6058237779264649,0,0,7,536870918,0,1.7496583263079326,2.3333333333333335,0
venezuela (bolivarian republic of),VEN,VEN,americas,south america,239,0.16096814914383073,12945046.753222665,12945046.76713345,3.9504930468337083,4.487526662338866,4.568676245194518,5.102012426968376,0.2938048143310319,0.41257697331591714,0.12386270180612274,0.12271393652685288,0.5640044784474716,0.5221123343907446,1.7523791752192572,12945048.671983678,0.007464079119238664,0.9617301843230416,0.05877962306400448,0.2207501399514835
virgin islands (british),VGB,VGB,americas,caribbean,240,0.24594095349311829,2147483648,2147483648,NA,128,NA,128,NA,NA,NA,NA,NA,NA,NA,2147483648,NA,NA,NA,NA
virgin islands (u.s.),VIR,VIR,americas,caribbean,241,0.582186241944631,1431655768.6666667,1431655768.6666667,40,98.66666666666667,40,98.66666666666667,10,10,4,4,0,0,8,1431655768,0,8,0,0
viet nam,VNM,VNM,asia and the pacific,south-east asia,242,0.4045824851684155,13896111.25136884,13896111.447984071,11.256256300030287,11.668491786958686,11.741848550430818,12.149576903932305,0.09894789579158317,0.5708917835671342,0.21148629121654414,0.2226296481108116,7.51503006012024e-4,7.51503006012024e-4,5.727204408817635,13896117.333001493,0.17635270541082165,2.3185676146664456,2.682865731462926,2.0533567134268536
vanuatu,VUT,VUT,asia and the pacific,oceania,243,0.14341641535995425,177722784.66206896,177722784.7310345,6.30564274652959,16.06896551724138,9.560933844261642,19.041379310344826,0.12781954887218044,0.13533834586466165,0.6939484556403882,0.7161568432499386,0,0,2.9774436090225564,177722787.7724138,0,1.769589044097671,0.7368421052631579,3.473684210526316
wallis and futuna,WLF,WLF,asia and the pacific,oceania,244,0.47971442341804504,2147483648,2147483648,NA,128,NA,128,NA,NA,NA,NA,NA,NA,NA,2147483648,NA,NA,NA,NA
samoa,WSM,WSM,asia and the pacific,oceania,245,0.17833595963255053,2147483648,2147483648,NA,128,NA,128,NA,NA,NA,NA,NA,NA,NA,2147483648,NA,NA,NA,NA
akrotiri and dhekelia,XAD,NA,europe and central asia,central and western europe,246,0.47931204239527386,0,0,14.479704856872559,14.333333333333334,22.813037872314453,22.666666666666668,2.3333333333333335,5.333333333333333,0.14637177996337414,0.14637177996337414,0,0,5.333333333333333,6,0,6.666666666666667,0,4.666666666666667
clipperton island,XCL,NA,asia and the pacific,oceania,247,NA,2147483648,2147483648,NA,128,NA,128,NA,NA,NA,NA,NA,NA,NA,2147483648,NA,NA,NA,NA
kosovo,XKO,NA,europe and central asia,central and western europe,248,0.506443961170213,0.40229885057471265,0.5172413793103449,14.545248346767206,14.201149425287356,14.683179381249966,14.339080459770114,0.8448275862068966,1.2701149425287357,4.6948605750944335e-7,4.6948605750944335e-7,0.11494252873563218,0.16666666666666666,6.9655172413793105,6.994252873563219,0.6896551724137931,2.3900755131724236,3.1379310344827585,2.6551724137931036
northern cyprus,XNC,NA,europe and central asia,central and western europe,249,0.5916798532657002,46684427.56521739,46684428.217391305,10.632911618550619,12.869565217391305,14.166244973076715,16.32608695652174,1.1333333333333333,2.1333333333333333,0.27895354141001005,0.27895354141001005,0,0,4.311111111111111,46684431.347826086,0.5333333333333333,3.465069220463435,0.4666666666666667,2.3333333333333335
paracel islands,XPI,NA,asia and the pacific,south-east asia,250,NA,2147483648,2147483648,NA,128,NA,128,NA,NA,NA,NA,NA,NA,NA,2147483648,NA,NA,NA,NA
spratly islands,XSP,NA,asia and the pacific,south-east asia,251,NA,NA,NA,NA,NA,NA,NA,NA,NA,NA,NA,NA,NA,NA,NA,NA,NA,NA,NA
yemen,YEM,YEM,asia and the pacific,western asia,252,0.1601952091613898,4298875.3954504095,4298875.431847134,4.125062615956423,4.21073703366697,5.126533904230395,5.209463148316652,0.059445660102115244,0.15025528811086797,0.013593040012388242,0.015064333836208338,1.050145878920496,1.0191466083150984,2.3346097738876734,4298878.453685168,0,0.603081544506602,0.033187454412837346,0.1761487964989059
south africa,ZAF,ZAF,africa,southern africa,253,0.19581570370967538,792234.6592474176,792234.6610919823,8.81969820137736,8.652299557304476,8.43990824844504,8.27256517461879,0.26872924098905154,0.31264608192889654,0.03576329726722216,0.03666461708737903,1.6770820519129044,1.8244523750922963,1.6563499876938224,1584470.8386005904,0.24956928378045778,3.9552237013368194,0.8163365727641776,0.056854540979571745
zambia,ZMB,ZMB,africa,southern africa,254,0.1924408877883184,12123274.984281603,12123274.978746956,5.805292286155458,6.237104272747398,5.625831142118688,6.054018153641798,0.025381275743070243,0.03061338083045753,0.026447575840352455,0.046919644308248847,1.0178114215740843,1.1353668039630413,2.4482912167427364,12123278.061213195,0.05966826227318268,1.2280265101873702,0.9818546142714015,7.792496938661917e-4
zimbabwe,ZWE,ZWE,africa,southern africa,255,0.2392054284781504,16042625.336791866,16042625.32434115,9.772882787198819,10.329113924050633,7.725568138005318,8.295289479145051,0.06042232908216601,0.044950867656282666,0.01819719603226697,0.03130489259244131,0.7512021743675518,1.2402257997072967,3.623458080702488,16042629.416683959,0.10704578716286849,2.1285095583275973,3.0485051223081747,0.004390549864102028
