country,GID_0,ISO_3,region,subregion,ID,ws_avg,GroundWater_GeomaticDeq50,GroundWater_RcghDeq50,GroundWater_RchgDeq50,Species_Richness_3taxa,MSpecies_Richness_9taxa,TMSpecies_Richness_8taxa,soil_biodiversity,Species_Richness_4taxa,TSpecies_Richness_4taxa,TempVelocity_terr_all,Monfreda_prod_sum_allcrops,IHME_dbl_burden_malnut,Herrero_lvstk_kg,Watson_fish_ind_nind_0004,food_prod_terr,food_prod_terr_lim,DALYS_2000,life_expectancy_SHDI_2000,ADM2_ADM1_ADM0_2010,TerrStat_hotspots_bin_sum_quant0.1,TerrStat_hotspots_sum_quant0.1
aruba,ABW,ABW,americas,caribbean,1,NA,NA,0.00120099994819611,0.00120099994819611,0.11446439474821092,2.2824412981669107,1.371993939081828,NA,0,0,0,0,NA,0,143046.828125,0,0,NA,NA,0.06141113862395286,0,0
afghanistan,AFG,AFG,asia and the pacific,south asia,2,2.5552311439544564,4.338936277382151,0.5373641313394798,0.547202591995131,0.3576667699196988,0,0,53.75509610287593,0.4848500385750005,0.13856927348769624,0.682360907261581,657.1728187885916,0.13753720896505314,67.99217244967365,NA,8.094739184283344e-4,0.01337253276814296,89946.4532644007,55.51099782295539,0.04911203720096664,1,10000
angola,AGO,AGO,africa,southern africa,3,0.4451414733108452,5.7281132151039,4.761244218009485,5.261128083894234,1.0469980860121413,0.12520577702397123,0.11643976891776343,60.59401879549711,1.3617522328847844,0.34145960682051824,0.7209558918112935,444.62545287721537,0.13999911393566555,313.91710990699534,80410.9880102885,5.850922541065138e-4,0.00956072898195357,102621.67606820572,46.67354242903887,0.08252526001606414,2,10001
anguilla,AIA,AIA,americas,caribbean,4,NA,NA,NA,NA,0.12414228171110152,2.1848714351654053,1.2298147678375244,NA,0,0,0,NA,NA,NA,34192.2265625,NA,NA,NA,NA,0.14421910047531128,NA,NA
åland islands,ALA,ALA,europe and central asia,central and western europe,5,NA,0.1707915522158146,10.853023576736453,5.944625520706177,0.28468990491496193,0.14488761126995087,0,117.25011335100446,0,0,0.6285628861710224,0,NA,79217.40959821429,89059.90617766204,0.01233549936053653,0.17040669607619444,NA,80.19199625651042,0.06946627795696259,2,1100
albania,ALB,ALB,europe and central asia,central and western europe,6,0.3366482651799135,105.79401781537268,8.580568957328797,9.857291839339515,0.593996711276673,0.42558227113343466,0.3708580486734412,117.69856853313274,0.6750274257491816,0.22562851764406447,1.0117680072712452,8153.611518392786,NA,38664.01027255588,2142.846674255982,0.01564165382835738,0.2435892037745496,25923.131242945823,75.41831852839543,0.347984001376828,2,10100
andorra,AND,AND,europe and central asia,central and western europe,7,0.04168824159673282,43.81370765822275,1.2032646877425055,3.1175312655312672,0.5444465024130685,0,0,123.25006539481026,0.616077755178724,0.24251145124435425,1.0134928481919423,1.707509530593906e-10,NA,22179.74907844407,NA,0.00321112120567639,0.04435949759532117,25110.904854910714,NA,0.08214843911784035,1,10000
united arab emirates (the),ARE,ARE,asia and the pacific,western asia,8,5.526093108022315,4.794157736115238,0.22332559545066857,0.21091285051448205,0.2120095316111187,1.115952794167896,0.4948915195249498,2.3904538898499843,0.33697597749629243,0.15543773911180628,1.0725509123476231,3865.4051370460897,NA,2206.706630838029,91212.57877384016,0.00503050127273257,0.04014338829744438,20511.77333175069,NA,0.21404526474269917,2,10100
argentina,ARG,ARG,americas,south america,9,2.9204108550638392,7.977730404525551,2.850513983466011,2.959792454797279,0.4988335907549451,0.15482119682760873,0.1126648263372063,63.39346766821119,0.6336514061872227,0.1257270369840396,0.5359474176020042,5407.048910438663,0.11619719862937929,3382.1871370994154,31165.636899947953,0.00712133527618155,0.1118704101801881,29618.92514100267,73.92636731182438,0.1571413099913251,3,10101
armenia,ARM,ARM,europe and central asia,eastern europe,10,0.7802897715418223,82.82161503821088,1.2190620395602054,1.3278102800842342,0.5562922221918901,0,0,108.60754637132612,0.7165389343311912,0.2066143739216945,0.5961432723622573,8682.264946302477,0.14300772547721863,16946.124563923186,NA,0.01335189930273892,0.21429474442797505,29984.802408854168,70.50890934258176,0.2835367294518571,2,10100
american samoa,ASM,ASM,asia and the pacific,oceania,11,NA,NA,NA,NA,0.03881270252168178,3.5507495403289795,2.4615230560302734,NA,0,0,0,0,NA,NA,8284.908203125,NA,NA,26048.216796875,NA,0.1048961579799652,0,0
antarctica,ATA,ATA,antarctica,antarctica,12,NA,NA,NA,NA,4.642229190831313e-6,0.04916948280401117,0.02454591810150501,NA,5.390693802025607e-4,1.80346811346953e-4,0.8875589334669605,NA,NA,NA,1621.9163130327852,NA,NA,NA,NA,NA,NA,NA
french southern territories (the),ATF,ATF,asia and the pacific,oceania,13,NA,NA,4.799999878741801e-4,4.799999878741801e-4,0.00730240188803025,1.3672655426611111,1.041800788068396,160.8411748712713,0.04624197952003262,0.17237680551415652,0.5998739980166956,NA,NA,NA,32695.84796688954,NA,NA,NA,NA,0.06519858539104462,NA,NA
antigua and barbuda,ATG,ATG,americas,caribbean,14,NA,NA,NA,NA,0.14571641633907953,2.2100570599238076,1.2356287240982056,191,0,0,0,0,NA,0,25494.716959635414,0,0,25520.1875,NA,0.14494989812374115,0,0
australia,AUS,AUS,asia and the pacific,oceania,15,5.653692933744863,0.7966088128661293,2.4455978648039607,3.048410445254769,0.43548261750329315,0.5303554531905857,0.26419522936128,30.13916198654076,0.8483559973071508,0.17642138895264595,0.6605039460373173,1004.013051131926,NA,2255.5555085474475,2654.596870005475,0.00155230427738203,0.02281698224983898,26278.74609375,78.71645210474914,0.10528937727212906,3,11100
austria,AUT,AUT,europe and central asia,central and western europe,16,0.0311519315869295,26.547586125304015,7.490968986032408,8.134649897680607,0.5649141601023783,0.02506670394343484,0.01384989219167071,119.34394700886226,0.607085150658133,0.08933421470726388,0.8477957351889401,12145.946100640656,NA,40074.73045646838,NA,0.02047637327524051,0.30697299959543267,30520.436918535303,78.39181804458438,0.07185596760199518,3,11100
azerbaijan,AZE,AZE,europe and central asia,eastern europe,17,1.5065749870078744,32.05408478592058,1.337295053946851,1.5911673648804086,0.5896362151515321,0,0,66.64125842885579,0.6816011824551262,0.2166396402866488,0.514493238559623,4965.630152363086,0.1436444131391389,29256.594015583814,NA,0.01032104098720494,0.15923110508485394,36346.00902171851,64.4250051078598,0.23049947568445608,2,10100
burundi,BDI,BDI,africa,central africa,18,0.04639363340652598,18.876394608081917,4.491144714264062,4.928808553531147,1.3607686002033588,0,0,107.84977929356,1.6542234276049437,0.5415120986513436,0.9194345030540856,12776.080206045584,0.10407288967057912,3295.038616012315,NA,0.01685521208584482,0.2776785737041668,119372.44249201278,48.08351883568322,0.0750052682317484,3,10101
belgium,BEL,BEL,europe and central asia,central and western europe,19,0.5749218751606828,4.993418393583174,13.366525885131624,13.65841319836596,0.5091529472065823,0.1563467288146788,0.09812179757137106,119.40836956841603,0.5135189642599423,0.06408813108659582,0.540977331623435,13501.902516187954,NA,225313.16361629684,314.63017541013267,0.04894413630924517,0.7035314299072569,31780.286021205357,77.43603955677577,0.06693184958504779,2,10100
benin,BEN,BEN,africa,west africa,20,1.9884345686568647,1.8059555127271112,3.699791494607054,4.419786884127173,1.1353074977969566,0.10458051342835084,0.06108063315610967,52.38246499167549,1.4718823540977568,0.41865933869491545,1.047115201455772,3648.17734742862,0.1452242776054388,1244.4304139970163,167259.42238451086,0.00459227766030156,0.07552389996733552,83246.46105742872,55.80299767282817,0.13595604315421908,1,10000
"bonaire, sint eustatius and saba",BES,BES,americas,caribbean,21,NA,NA,2.207292079925537,13.43350887298584,0.1163559127599001,2.1928391456604004,1.3113863468170166,NA,0,0,0,0,NA,0,462.0355072021485,0,0,NA,NA,0.06141113862395286,0,0
burkina faso,BFA,BFA,africa,west africa,22,3.2200184612874403,0.1558504012415315,1.5807880258800566,2.116970757142579,0.9542654695002412,0,0,43.66095297364988,1.2265654574320508,0.41596758179878773,1.106294678805838,1068.0910702962385,0.22447933259358616,1735.3045433690943,NA,0.00154171936191557,0.02483243051064061,105157.9969112817,50.93404545421233,0.10006967972619175,0,0
bangladesh,BGD,BGD,asia and the pacific,south asia,23,1.8539018474501037,0.65063318844056794,10.21063305170907,10.79873662972013,0.7555167620587914,1.4153241130072602,0.9635330540513292,191.29257147589396,1.1533294945850356,0.9648499029728772,0.4923444616342275,29486.980548424017,0.14920452885060628,68715.15454859166,882147.0737732806,0.04643839597197426,0.7411586554312476,44271.764127530434,65.98524607942437,0.02938385423820747,2,101
bulgaria,BGR,BGR,europe and central asia,central and western europe,24,0.6637314063520475,10.869196329896202,3.419706562075429,3.964487614187063,0.615142228290186,0.02775665025000632,0.0360299387338712,83.40956865185686,0.6915043832945384,0.27125762338207077,1.0097578554739637,6413.942477497347,NA,16762.96721758532,2096.382618918138,0.01019178789969527,0.16205416520068583,46975.685302872385,71.53032405286135,0.2033143157552405,2,10100
bahrain,BHR,BHR,asia and the pacific,western asia,25,NA,13.419995307922363,0.01892167776823044,0.01825799979269504,0.09571399465203284,1.6041429042816162,0.8078626990318298,1.000016689300537,0,0,0.4989872063128133,8981.343750004084,NA,NA,82824.290625,NA,NA,22541.341796875,NA,0.1011556312441826,0,0
bahamas (the),BHS,BHS,americas,caribbean,26,7.5,9.020550207260552,10.28526486248535,7.9612936860648915,0.2251599117946089,2.2112776951843434,1.372562502207381,92.32172247845192,0.10853393633517576,0.10175235592272695,0.466804802633115,0,NA,761.8129048493714,13119.149009008086,1.1912522612758506e-4,0.00164563554225668,30497.9921875,NA,0.1812947988510132,0,0
bosnia and herzegovina,BIH,BIH,europe and central asia,central and western europe,27,0.00556083990959009,92.8999549542697,10.79286823550669,11.780626139961756,0.5704374662242256,0.25725046114994454,0.2205235376681626,113.96313820435452,0.642688415261467,0.19964172714946488,0.7156962265905279,4273.081553688418,NA,12786.52287527231,7721.818782983824,0.00701401071406647,0.11103467690722588,29242.912099984977,74.4789995780358,0.3081121490551875,2,10100
saint barthélemy,BLM,BLM,americas,caribbean,28,NA,NA,NA,NA,0.05851395626086742,2.181045174598694,1.2298147678375244,NA,0,0,0,NA,NA,NA,25219.5478515625,NA,NA,NA,NA,NA,NA,NA
belarus,BLR,BLR,europe and central asia,eastern europe,29,0.02977717423227982,8.16100843681281,3.905201147892052,4.81016278646798,0.6127269224745954,0,0,105.42479647006913,0.5895603713487448,0.13837993932563974,0.869006777263206,6861.015426733757,NA,34579.5950459729,NA,0.01330154600933367,0.2064723239646006,44580.707896839485,69.17720387198709,0.20220023457682415,2,10100
belize,BLZ,BLZ,americas,mesoamerica,30,0.23790356350859548,36.00567540295165,15.874296264601622,14.940863531417842,1.1368577782926497,1.1845661735440909,0.7544196264642873,215.11580184818237,1.4249264564897108,0.343141093515401,0.8461205123364122,5973.347649677916,0.102050320592834,725.1451925765302,65478.60056569317,0.00734922276071876,0.10058730839227792,29725.4395409059,67.47794344898466,0.16277318578980834,2,10100
bermuda,BMU,BMU,americas,caribbean,31,NA,NA,NA,NA,0.00666675111278891,1.6456806659698486,1.8219157457351685,93,0,0,0,NA,NA,NA,6227.3193359375,NA,NA,26993.189453125,NA,NA,NA,NA
bolivia (plurinational state of),BOL,BOL,americas,south america,32,0.6280226147330021,4.965437713291199,6.860622077563746,7.253918495959408,1.326057946220415,0,0,74.34236368928748,1.7135091364914796,0.32962641303647566,0.8563730320968828,754.9115810549821,0.12257592407953331,1296.1678347882903,NA,0.00109977359765866,0.01769084785564107,43761.143781738465,63.63740585120902,0.18122134088371705,2,10001
brazil,BRA,BRA,americas,south america,33,0.2794365692816921,5.954699736830731,15.651568871680936,16.12004449989587,1.7020731076878453,0.11192268432858156,0.09362072554550714,126.00464804032048,2.2949227388084203,0.4640818118814853,0.6806232553015478,4919.854902459477,0.0710115875319477,4653.6507218389725,27974.267386239004,0.00663853165744305,0.0699794252593448,32533.473954081743,69.81209504480738,0.19926256661359645,3,10101
barbados,BRB,BRB,americas,caribbean,34,NA,NA,54.24980545043945,25.258743286132813,0.17094866931438446,2.23595913251241,1.2298147678375244,181,0,0,0.410625234246254,0,NA,0,4566.304768880208,0,0,31336.369140625,74.08899688720703,0.15614263713359833,0,0
brunei darussalam,BRN,BRN,asia and the pacific,south-east asia,35,3.907436598794824e-4,18.5909592639054,26.825063205534413,27.280414050625215,1.3472694046795368,5.453750297427177,3.041335079818964,282.8464887065272,2.2031778832897544,2.0537413135170937,0.9914974325802176,285.73370444390287,0.13710761864980062,12559.341824390847,91422.6056780134,0.00220563784892812,0.03140788289355272,20159.03087797619,72.7760009765625,0.07012270507402718,2,10001
bhutan,BTN,BTN,asia and the pacific,south asia,36,0.4658838382625699,23.908539461687145,3.867483449942471,4.421856966023361,0.9167301891946136,0,0,147.24576760462554,1.2525067212305274,0.8317983130574929,0.931894683943282,534.1442349839919,0.06246664301146459,4714.3789751556305,NA,0.00132973995572008,0.02018647661219295,46390.07003622298,66.28600311279297,0.10643042264667552,2,10001
bouvet island,BVT,BVT,americas,south america,37,NA,NA,NA,NA,0.00266664638184011,1.0657862424850464,0.7941176891326904,NA,0,0,0,NA,NA,NA,NA,NA,NA,NA,NA,NA,NA,NA
botswana,BWA,BWA,africa,southern africa,38,5.740175073854608,0.6279454515879885,1.4089050856586889,1.6752751436808544,0.8081809488196452,0,0,28.111097366642323,1.0968918560008745,0.4822783626492522,0.7246401579620707,25.118499496761657,0.2060375976154249,209.93819358763344,NA,6.16704394206814e-5,9.376005356492696e-4,92681.6266607314,49.487595550198535,0.18041209859597224,1,10000
central african republic (the),CAF,CAF,africa,central africa,39,2.47758539170422,1.0204916494929734,7.108864226437529,7.43470851335519,1.055840949666247,0,0,91.40814046004633,1.4963104175999098,0.40704541294685703,0.5628986296263727,243.60879175198107,0.1244802721472002,275.0217719427886,NA,3.3414940692406454e-4,0.00542221937623727,127091.477629834,45.29784294182735,0.09702064080659777,2,10001
canada,CAN,CAN,americas,north america,40,0.14653689549229898,8.205622344385528,6.66612738895607,6.294649369620795,0.2511153431809681,0.09244138004760748,0.05663916796089703,98.79888144176525,0.24742624845652125,0.12905101931617116,0.7103387012440779,691.1426886178389,NA,977.9759024077453,5447.3192963258,0.00101711443596683,0.01640612914881999,25762.04585342444,78.74386457421912,0.09682725919906456,3,11100
cocos (keeling) islands (the),CCK,CCK,asia and the pacific,south-east asia,41,NA,NA,NA,NA,0.00237036412581801,2.17494797706604,1.405093550682068,NA,0,0,0,NA,NA,NA,8055.9205078125,NA,NA,NA,NA,NA,NA,NA
switzerland,CHE,CHE,europe and central asia,central and western europe,42,0.00832096297618177,54.94440582612204,10.859645078907397,11.574466189489817,0.5590198169137689,0,0,127.1299784738501,0.609029786231015,0.08327120328201797,0.6761283050565159,14798.482033422044,NA,95516.7902874234,NA,0.03173413241583489,0.4300450600030202,28548.575146274212,79.87363213822353,0.08835423305908612,3,11100
chile,CHL,CHL,americas,south america,43,1.9536830349233825,22.830484849324943,4.323906772756016,4.6026474008393,0.22129908262353104,0.8112239643927103,0.6433079964339254,71.94457751862686,0.2522046445654017,0.17030301568800238,0.7120431535287555,2415.0838176767024,0.17015895175819212,1716.14932830855,96211.15551884843,0.00339906282099296,0.05544497481713716,23969.387398942785,76.53980170943335,0.2015206922376495,2,10100
china,CHN,CHN,asia and the pacific,north-east asia,44,1.8455936910552528,15.240959092536508,3.006478326049925,3.219022314177084,0.5027198369903886,0.09316270514015793,0.07300452266977456,111.75516576694282,0.6101997291205279,0.293054094304125,0.7081564135288919,8642.74983750765,0.11622208969176384,10224.362763604946,289078.344668635,0.01201579243533292,0.1806177673064983,29008.93345529771,69.21014620386785,0.19865988469402787,3,10101
côte d'ivoire,CIV,CIV,africa,west africa,45,2.0196553624012745,0.4767898011660035,6.212024669782339,6.751897987847331,1.3374603610586688,0.1293302711862763,0.11637021642807178,79.66356582029618,1.6822182152817748,0.6075702864955969,0.9158011569133988,3670.708216502683,0.12126508981407098,826.6248357793869,74594.72545890498,0.0045716655373487,0.0753477565156562,94581.77142889434,51.035888248465675,0.09518043138478932,2,10000
cameroon,CMR,CMR,africa,central africa,46,1.177597498272309,4.481178716773052,10.777088389073205,11.10293389771498,1.429457634567845,0.06885932456820691,0.06203021830530548,106.50384226128848,1.9715625736445752,0.5066718368499604,0.7999080634573125,1882.6614028790327,0.13562209136433975,932.517741524811,223734.9158815374,0.00240892843836843,0.03937448931629353,83527.16306509894,52.55981728857048,0.20330199020577536,3,10101
congo (the democratic republic of the),COD,COD,africa,central africa,47,0.2655497562063721,7.431579570014396,12.032577667947717,12.53911343381823,1.2072069219015558,0.00169049718333007,0.00156661813845977,85.39286660775079,1.646346672806216,0.406730767398565,0.6534705798785909,876.195862240295,0.18957620716048756,67.0797215188767,40378.78935773983,0.00107829612885913,0.01780393709189674,95053.33934772278,51.16488887824794,0.10941110940418934,3,10101
congo (the),COG,COG,africa,central africa,48,0.29326092476986443,13.149184944059249,17.416738663873385,17.96036326608131,1.3031541246783127,0.05327562505442586,0.04937242109935124,94.82901823937476,1.8648315229258805,0.4357199876249242,0.8098476788217014,384.73523948494824,0.1110430766816941,34.71310699058965,216864.32570306183,4.699332283453314e-4,0.00776518231883924,79182.85437386803,52.02677879457381,0.13015798043134866,2,10001
cook islands (the),COK,COK,asia and the pacific,oceania,49,NA,NA,NA,NA,0.01580209129800399,2.772585391998291,2.0308587551116943,177,0,0,0,0,NA,NA,1935.7029622395833,NA,NA,28542.43359375,NA,0.15046671032905579,0,0
colombia,COL,COL,americas,south america,50,0.5201893914590717,10.147144832385298,21.15449137112035,21.42270694057401,1.6259291814669508,0.20260746888612105,0.15290704836789323,181.52109067067536,2.123570156718191,0.41897073306593374,0.7485032991481719,3576.084208550669,0.07975884285819482,7938.590342824547,5670.31897475143,0.00547442702459702,0.08607107686758418,28939.33853013602,71.33521393566596,0.1177684634988898,3,10101
comoros (the),COM,COM,africa,east africa and adjacent islands,51,NA,72.9358872633714,30.622435936560997,9.41533374786377,0.08463119715452194,3.5366892563669303,2.2512324232804146,130.32344773236443,0,0,0.5896975303115763,0,0.32731296671064275,NA,171983.12006578947,NA,NA,62240.7734375,58.21811103820801,0.22351603209972384,1,10000
cabo verde,CPV,CPV,africa,west africa,52,NA,NA,NA,NA,0.04665355888816217,1.644988335669041,1.3031106119354563,25.56401184277657,0.0231605094547073,0.05732735805213451,0.30603256173412774,0,0.11707868333905937,NA,23678.247550964355,NA,NA,35237.4375,68.61799621582031,0.12254000424096982,0,0
costa rica,CRI,CRI,americas,mesoamerica,53,0.887880766439871,42.85117586575613,17.18701319500222,16.732600880397804,1.4478358355883196,2.10160372354217,1.877370400982276,256.82227057585504,1.9659389376118872,0.5187461228698284,0.5637093829054706,15384.850472725488,0.09882174150263968,6349.64784551875,34086.99359253833,0.01974355998784037,0.26433843872219415,20207.62019628099,77.58597278437338,0.3188015783505258,3,10101
cuba,CUB,CUB,americas,caribbean,54,3.057967409057796,25.49010423472378,5.762842878961237,5.091124826643798,0.4475097006746714,2.1873192210073418,1.363695135609263,97.86482155919074,0.562946888158413,0.47597666330611765,0.9636334851196884,29146.958823635476,0.136639486995626,12521.61476696643,2864.1664332908435,0.03801960641996389,0.6090063586409155,26435.73828125,76.18299865722656,0.1944707709982265,2,10100
curaçao,CUW,CUW,americas,caribbean,55,NA,NA,4.762770175933838,1.804805040359497,0.13164023806651434,2.205490469932556,1.3113863468170166,32,0,0,0,0,NA,0,6299.3332112630205,0,0,NA,NA,0.06141113862395286,0,0
christmas island,CXR,CXR,asia and the pacific,south-east asia,56,NA,NA,NA,NA,0.02651463821530342,2.473097085952759,1.718946933746338,NA,0,0,0,0,NA,NA,1987.46435546875,NA,NA,NA,NA,0.10528937727212906,0,0
cayman islands (the),CYM,CYM,americas,caribbean,57,NA,NA,NA,NA,0.20414250095685324,1.9413511753082275,1.2687758207321167,81,0,0,0,0,NA,NA,30530.615234375,NA,NA,NA,NA,0.14421910047531128,0,0
cyprus,CYP,CYP,europe and central asia,central and western europe,58,2.3269163568814597,13.08511975636849,2.038392171645776,2.0603954455791373,0.3213558534541762,0.6742880502379084,0.6618109302348402,54.74992327622965,0.30862711119170194,0.2248011707583006,0.7918596965675249,1981.336257199207,NA,21037.254079965445,925.2888597695224,0.00553942110780507,0.08335359759318332,25767.541015625,NA,0.07570789331271324,1,10000
czechia,CZE,CZE,europe and central asia,central and western europe,59,0.06415178727663544,2.212514547487864,3.8874969194178526,4.561626732517651,0.6060651688821398,0,0,96.1921435553336,0.6211998841252727,0.09384577114321686,0.5860657262482438,21562.094934897865,NA,36370.67717752073,NA,0.0313151266348128,0.501467111968347,33802.76075803855,74.9223076948921,0.19175004723022415,1,100
germany,DEU,DEU,europe and central asia,central and western europe,60,0.17564887040102942,11.514077242071243,9.464880919776393,10.017227234137318,0.5527151267884846,0.096021042222759,0.04195665296546274,104.75885978702192,0.5621862068197055,0.06550605062163764,0.5357712667109904,27440.425959561497,NA,88554.58826784314,14144.675006306568,0.04610197464344809,0.6947263887057687,31870.643197112655,77.89314810699847,0.07402324912848078,3,11100
djibouti,DJI,DJI,africa,east africa and adjacent islands,61,6.756160938093815,36.28495709481649,0.7122147536842931,0.1516808577816846,0.549660085596173,2.314852474956473,1.322548091215749,9.281945510864258,0.6932312310520192,0.4303863446136793,0.5632702784066053,22.481616766877877,0.3170579672439553,1456.0837299589682,8201.824849626659,2.401925284098165e-4,0.00339644505625663,65031.41453004344,61.75708872379023,0.1821432552018831,1,10000
dominica,DMA,DMA,americas,caribbean,62,NA,NA,NA,NA,0.2056094780564308,2.1995486974716187,1.2356287240982056,358,0.03228665337273924,0.1253057997702854,0.4832495048813143,0,NA,NA,92365.796875,NA,NA,33698.16796875,NA,0.18611595034599304,0,0
denmark,DNK,DNK,europe and central asia,central and western europe,63,0.16411776245456108,7.453781542354604,17.471105973895003,18.07699087625597,0.4000703997715953,0.6558134468063492,0.3799073209966146,122.64483469063894,0.3359471785187556,0.05027367276237669,0.8661880453717917,38294.99316155541,NA,178105.7906333502,10020.643382939475,0.07362726702288995,1.1156561569363523,32621.062345096983,76.91871397522674,0.0808672788574802,2,10100
dominican republic (the),DOM,DOM,americas,caribbean,64,2.264725192686764,114.65600168051785,6.632205031301877,5.669237827142216,0.3705922594862483,1.794812898045664,1.1206353476989943,101.43211046964085,0.473544416118848,0.5120256214308769,0.5883088547891747,13092.707105701484,0.08947123164805866,16491.77493420217,12731.916978344474,0.0184587384165498,0.2990134495398155,31830.55689509306,68.73948497094479,0.14088816287755562,2,10100
algeria,DZA,DZA,africa,north africa,65,6.414725240283333,8.515012542479084,0.20954100885763116,0.19414062692730383,0.1646301488968895,0.02444448164965303,0.02478282544224459,8.32547861330013,0.2752244491555958,0.10217658435997416,0.894039208325905,429.5856433061236,0.25612183446463166,1215.7883557708208,150350.82433077338,6.972801134069567e-4,0.01100541403808287,29716.554585728212,68.75221055026772,0.1589635702914973,2,10100
ecuador,ECU,ECU,americas,south america,66,0.7730729484033678,21.123944863208305,14.732018111609388,15.340994570886805,1.5006764519931115,0.5127723157725854,0.3522387570196426,147.0186618770276,1.988967682845458,0.6722154954260129,0.8725371068432842,5688.891358749784,0.09455892006118656,12350.06532819178,187712.34112653215,0.00893602279247595,0.13937643367996932,29093.358307821887,72.83910651246379,0.13860433625146812,3,10101
egypt,EGY,EGY,africa,north africa,67,6.690615828134821,8.064058241101932,0.1186119074041999,0.13843141238615322,0.1630601792320341,0.3541822657386532,0.24820118020181356,2.246694662661999,0.29528448225233034,0.12277718144101286,1.1586005650785856,8312.384559550488,0.291636431588996,6314.601342487483,15154.151173345765,0.01090434798815927,0.05554145733009418,33786.57955691651,70.24429098052028,0.26052759648919727,2,10100
eritrea,ERI,ERI,africa,east africa and adjacent islands,68,5.410449722711591,7.406153102970955,0.4445138835063437,0.3228120219006842,0.6292013852021219,1.049508282728156,0.615190242428677,15.932307792956962,0.7311782781622194,0.4488765852993454,0.7727963797912893,245.16178626436988,0.1790409192941976,1460.2858639069946,5821.039514960748,5.145038232246019e-4,0.00793767570484874,72806.37501337758,55.006720542907715,0.06136173276403516,1,10000
western sahara*,ESH,ESH,africa,north africa,69,9.428767141025022,1.961713339565425,0.1780544575244084,0.15252284321582218,0.14834855561737062,0.31492370007690307,0.25972985572946433,1.6628839588659452,0.2712698471627075,0.08153474603141725,1.0209486038246476,0,0.16181669600275406,135.41397467166942,82216.30001035739,1.9627889054794787e-5,2.7114619642407416e-4,55723.3828125,64.69247770767812,NA,1,10000
spain,ESP,ESP,europe and central asia,central and western europe,70,2.3774304372441057,33.502497725581016,3.347674512864754,3.612722737753252,0.5033909458170238,0.3491361842125718,0.31738789576388016,78.0223676021517,0.5634722370157743,0.30740252209818636,0.8192656396190372,13129.972780773507,0.217515766620636,24702.864244785414,37943.856501464856,0.01964296933171409,0.3152760070581151,28648.842848849687,79.65836367447079,0.07309685032227606,3,11100
estonia,EST,EST,europe and central asia,central and western europe,71,0.00365055083928286,4.839979497721145,8.116186819530553,8.390486485178748,0.5302193564943748,0.06715384887924974,0,136.8926789387618,0.4439057852104003,0.13245918151519864,0.961942393678188,3906.4887106606952,NA,13773.00350912492,31289.65559244636,0.0069850178249556,0.11015413753776115,43059.22654308524,71.25566544350701,0.20206248616257988,1,100
ethiopia,ETH,ETH,africa,east africa and adjacent islands,72,3.085214383135918,35.40748360416102,1.9183193791598632,2.1206844935130427,0.8264970503969187,0.01355999570742202,0.00769092966632422,60.67987442759989,1.0430006708989361,0.4801914701061397,0.8779313716476446,1159.7594434543637,0.18001533112552884,3921.1954919606,NA,0.0019769695499001,0.03117046492297876,93025.31490555368,50.322800173824,0.0693261166120872,2,10100
finland,FIN,FIN,europe and central asia,central and western europe,73,0.00392178285088059,0.366879805857525,5.618135328937115,6.109278050665663,0.38939940240388415,0.0514372538844736,0.03124002648723168,119.3326382624826,0.37373363158441,0.11919283388414516,1.2113098576638657,1605.9841520266843,NA,4597.445780320698,8611.03286301465,0.0026730168588527,0.04242374597094869,31337.41635462212,77.30106056150885,0.0702864343623806,1,100
fiji,FJI,FJI,asia and the pacific,oceania,74,9.518274856808212e-4,40.33992434333969,12.68243646878068,14.042666942842546,0.08458865147004736,4.550578506956709,2.972795248031616,191.80404639849203,0.11917559647850864,0.2536155948867227,0.7417648958083752,0,NA,0,20802.986390199057,0,0,35265.3515625,NA,0.15864045917987823,1,10000
falkland islands (the) [malvinas],FLK,FLK,americas,south america,75,0,1.5246732289169254,11.39424965568095,13.905030299498382,0.06576236308395088,1.3880330267406644,0.9545455412431196,121.35983540187372,0.07488784018481243,0.13852769005000293,0.29418534511920735,0,NA,NA,195625.6669330019,NA,NA,NA,NA,NA,1,10000
france,FRA,FRA,europe and central asia,central and western europe,76,0.4315655279411147,35.11153594924331,9.439424152463207,9.981603690904592,0.5681744781035901,0.27833027362011714,0.2604831708565257,111.6884877118498,0.5883060855398592,0.14386748222939624,0.6986363793167056,30645.33382644433,NA,69005.93636221939,22343.55547890933,0.04716412143913416,0.65454375335465,28693.232097931817,79.02457412859414,0.0652670109850377,3,11100
faroe islands (the),FRO,FRO,europe and central asia,central and western europe,77,0,75.4614220588438,27.21223920391452,21.319466444753832,0.05914230644702911,0.8035042442773518,0.8333333134651184,213.09668854744203,0,0,0.4246798027392958,0,NA,NA,2291.1532472309314,NA,NA,NA,NA,0.08087766915559769,1,10000
micronesia (federated states of),FSM,FSM,asia and the pacific,oceania,78,NA,0,3.5999999090563506e-4,3.5999999090563506e-4,0.04486185477839576,3.535976701312595,2.272677368587918,346.4,0,0,0,0,NA,NA,431.2482159932454,NA,NA,39226.734375,NA,0.12019028514623642,0,0
gabon,GAB,GAB,africa,central africa,79,0.02818429033203157,6.52845292749476,15.474643800566248,15.87878039381432,1.484509270051037,0.24839290075884887,0.2271929943274697,102.18430738917309,1.9856839521853051,0.4957022373020936,1.0091394201244286,330.0049461599422,0.0791080413189047,64.5549037414609,31918.198348107275,4.054724371453593e-4,0.00668627402421494,58178.49366560883,61.72766777398824,0.14908254883915678,2,10001
united kingdom of great britain and northern ireland (the),GBR,GBR,europe and central asia,central and western europe,80,0.2032275309122913,10.49023367203738,16.9309130256976,18.35635014296045,0.34383545007969235,0.9057223598715752,0.7324689844607359,139.19999244681833,0.32902488875274316,0.09608846650376224,0.7965387480156585,21045.2380805158,NA,55342.29636613579,16824.674015863937,0.03425968166608009,0.48907313086874504,32695.31939492721,77.4182304852651,0.15676483245710898,3,11100
georgia,GEO,GEO,europe and central asia,eastern europe,81,0.2508871636409728,22.953230036571338,5.742667279870714,6.53478564150953,0.5979162244955554,0.02147210329893405,0,119.15027689411691,0.6627010452613307,0.17259400641486816,0.5508371224160314,2089.197882119171,NA,16875.135417107285,597.1841556546251,0.00498962060359486,0.07589693686005256,31594.18611281707,69.43308419648663,0.3151662921910966,1,10000
guernsey,GGY,GGY,europe and central asia,central and western europe,82,NA,0.4435040056705475,7.210000185295939e-4,6.009999779053032e-4,0.1727364882826805,1.174244403839111,1.0194804668426514,126,0,0,0,0,NA,NA,47865.84765625,NA,NA,NA,NA,0.14421910047531128,0,0
ghana,GHA,GHA,africa,west africa,83,1.4691252521329436,0.26280108580192213,4.736563342137476,5.287886364322999,1.3009545860704137,0.1693496501589754,0.14929396058036187,81.12962404681126,1.674624107398036,0.5295540363485642,1.085412244876422,7185.842611914307,0.1443146637249468,1076.4021301058724,260467.08917625915,0.00903738378636283,0.14451451319644482,62161.05104509198,56.65911165217763,0.06515418550138796,2,101
gibraltar,GIB,GIB,europe and central asia,central and western europe,84,NA,16.35924530029297,4.165645122528076,5.040940761566162,0.5181177258491516,1.3182178735733032,1.0696461200714111,50,3.8370367292372975e-06,1.235508534591645e-6,0,NA,NA,NA,24070.1171875,NA,NA,NA,NA,NA,NA,NA
guinea,GIN,GIN,africa,west africa,85,2.3309886961422315,1.9898228400642035,9.78080578995968,10.46952673742466,1.1308664725923496,0.17752333180085994,0.14502254765016748,142.26217668444,1.4568880943371698,0.4474192706670462,0.8294832033743275,1667.5794403316577,0.17311389491910983,1183.4657388087298,321652.9679886123,0.0021908874178781,0.03579713291687905,101168.34260355668,52.08531925491822,0.08790416449051479,1,10000
guadeloupe,GLP,GLP,americas,caribbean,86,NA,0,0,0,0.2049392536282539,2.190610633956062,1.2356287240982056,282.16598425971137,0.06949617103338182,0.0450450404120933,0.28026293138363045,0,NA,4273.933528019832,75566.68272569444,6.18767982814461e-4,0.00854786711995704,NA,NA,0.06519858539104462,0,0
gambia (the),GMB,GMB,africa,west africa,87,2.6760083950799087,1.2216842125673764,4.181705998592689,5.065826703290471,1.206857493147254,1.0149088851590022,0.8606694889510322,66.25770902633667,1.4735167875741126,0.6761426808221245,1.0781473239419483,2100.436325683619,0.14997835358371958,1725.7804736475791,4770.147826631191,0.00282898300377464,0.04614445520470267,62650.6259375,55.93790252685547,0.06597097861766815,0,0
guinea-bissau,GNB,GNB,africa,west africa,88,2.5465035345180924,13.465299177919851,10.200978367509167,11.49983960094402,1.1017914985869135,1.1492748208874344,0.8321523612975199,157.31201579686626,1.3013512858336158,0.5766045111930685,1.0144253656922564,1244.5755712380733,0.1515533405398657,1116.2658789943937,37722.962776798064,0.00173129753614795,0.02821336961410502,97347.74192907124,53.6510009765625,0.07457746417497531,0,0
equatorial guinea,GNQ,GNQ,africa,central africa,89,0.10428836426601328,7.291854329284268,18.611690020797276,18.470866839090984,1.5832501131886492,0.4552559853552249,0.3746987758353114,140.5698070712509,1.9110968606100316,0.4866498784637012,0.8122888611650184,586.9269183767344,0.11240837404046196,14.490935020870756,70417.39276603099,6.912206541639724e-4,0.01143620151812481,78430.99626903045,53.45635705116467,0.4032231781751879,1,10000
greece,GRC,GRC,europe and central asia,central and western europe,90,1.3385157526549647,93.34433034309164,4.149263898423272,5.0623420866772975,0.5118627614548169,0.6911933963139385,0.6777513789507824,83.8303965604455,0.5510163022841188,0.2060001648392825,0.8658526915793365,14569.565671631684,NA,19492.165098270416,14363.598273075717,0.02059828713096707,0.3265742306624308,29758.07035229878,78.2570704276988,0.09110637488927632,3,11100
grenada,GRD,GRD,americas,caribbean,91,NA,26.818072001139324,5.949673334757487,5.679891586303711,0.18546318560838695,2.402130889892578,1.2298166751861572,NA,0,0,0,0,NA,0,15986.8228515625,0,0,27956.71484375,NA,0.13221894204616547,1,10000
greenland,GRL,GRL,americas,north america,92,0,NA,NA,NA,0.01699209675353414,0.10824886719513084,0.08434850286585256,-1,0.02649292774190754,0.04641823603720317,0.6869089929880035,0,NA,0,5245.384274159423,0,0,38826.078125,NA,0.08941277116537094,0,0
guatemala,GTM,GTM,americas,mesoamerica,93,0.7378627777920332,66.42294138353134,14.59062928847547,13.66973995244728,1.0996767955282367,0.3024661291497271,0.15974129752665925,280.5349231941321,1.4956227010742984,0.4351719992913353,0.9107027824165472,16421.929876661754,0.09813970305397544,7495.790524049494,21453.711268147144,0.02109210783608608,0.32772484846062006,40708.94988549124,67.14302012968889,0.13693359824969914,3,10101
french guiana,GUF,GUF,americas,south america,94,4.623959879381169e-5,1.1782356931661793,13.250846007923862,13.14997975410762,2.2446646846229625,0.37416349400371846,0.36182216941504386,235.32623647937248,2.75118541139139,0.2819643866525729,1.1442412194766536,81.65429495391896,0.11629242523058686,7.532138597177624,203088.9707787037,8.45167672116838e-5,0.00139605071616848,29107.5634765625,76.98977440693339,0.0657984765661504,1,1
guam,GUM,GUM,asia and the pacific,oceania,95,NA,NA,4.799999878741801e-4,4.799999878741801e-4,0.03592458150039116,3.4488089879353843,2.1551230748494468,822,0,0,0.11251298855275613,0,NA,NA,1566.1744384765625,NA,NA,23301.759765625,NA,0.1048961579799652,0,0
guyana,GUY,GUY,americas,south america,96,0.5193450947286884,4.267237603885781,17.54832462414839,17.83594402851297,2.0754618626125625,0.22384445227187913,0.18051280392567284,188.74482534826413,2.624117534267298,0.3080727649258911,1.0418891662257546,1432.137064769298,0.1088977726051903,261.6386873997587,27069.623693199566,0.00171523193309478,0.02828902690816829,42327.66746326321,63.07074302268211,0.11719509765252,3,10101
hong kong (special administrative region china),HKG,HKG,asia and the pacific,north-east asia,97,1.2722216248512268,1.539613320359162,11.020285448857717,9.267309371914182,0.8000329520021167,3.549508367265974,1.7603055664471217,167.50042255108173,1.1376825568731874e-5,0.08528440790311313,0.4567212890294642,6.227688852383196e-41,0.05311035497912338,NA,1444331.700892857,NA,NA,NA,NA,0.19877134263515472,0,0
heard island and mcdonald islands,HMD,HMD,asia and the pacific,oceania,98,NA,NA,NA,NA,0.00444442732259631,1.2786448001861572,0.970588207244873,125,0,0,0.3208920242953152,NA,NA,NA,799.2125515407986,NA,NA,NA,NA,0.10528937727212906,NA,NA
honduras,HND,HND,americas,mesoamerica,99,1.2894990108370945,29.307808964719435,12.037592632556368,11.590084703391629,1.1464155088665735,0.5170009998070028,0.32885462412553557,153.88589885152257,1.4760393810683363,0.4068619824197714,0.9075838102295668,4828.060170297362,0.05683269340723643,4015.5320511931895,175629.3049493543,0.00648072597240061,0.10567667725817458,32174.25595313654,67.8529184924623,0.11719370408254066,3,10101
croatia,HRV,HRV,europe and central asia,central and western europe,100,0.01693671941875136,59.65633563362104,11.306926661130449,12.340192093294512,0.5910574625978122,0.40490841623083257,0.34446899097378364,118.31102242147116,0.6146910228081865,0.20576388474991156,0.9220883775640422,8373.836650565205,NA,14970.52275142861,26166.079500263382,0.01255982916970396,0.2019362788280986,35414.18517605515,74.56486824801053,0.20292451047220603,2,10100
haiti,HTI,HTI,americas,caribbean,101,1.5314439423227706,188.40744418768503,5.741021591581796,4.307199629513841,0.3633177039749695,1.7823199144361284,1.119901485441413,112.407724817847,0.4245736033493014,0.5486040936151712,0.7065692179391121,10609.611500244158,0.11406359767371958,16427.15075200317,10910.56513447972,0.01563805090044265,0.25234132072670556,67446.20343963716,58.50713422595549,0.08299793914051318,2,10100
hungary,HUN,HUN,europe and central asia,central and western europe,102,0.7041713608341615,5.536239212916229,3.063090573581864,3.5548404895195342,0.6180096884556044,0,0,101.95741569763604,0.6451538354626697,0.23159077891870383,1.159403749039756,17903.985035443762,NA,27199.32584540121,NA,0.0257016380933878,0.41432199728788327,41632.60012128771,71.85759608030769,0.1967672342159402,2,10100
indonesia,IDN,IDN,asia and the pacific,south-east asia,103,0.07284523740410144,12.93073753098638,21.036218861959664,22.01234940561162,0.9210256836231188,3.5181428267741,1.7989987657750148,221.71773498984732,1.3394512428219023,1.039318077881915,0.9078994433823672,8074.631416129246,0.20907135077590203,3647.6563089982055,89425.00605503647,0.01048813043315919,0.1703754748901674,40707.98919812801,65.34056604430184,0.08385961090994984,3,10101
isle of man,IMN,IMN,europe and central asia,central and western europe,104,NA,0.02146596740931272,29.202988386154175,69.49727249145508,0.19988623509804407,1.0037413835525513,0.7857142686843872,172,0,0,0.7754920461126554,0,NA,NA,369.2730366388957,NA,NA,NA,NA,0.14421910047531128,0,0
india,IND,IND,asia and the pacific,south asia,105,3.7360451401174672,7.478372696308489,4.206245835194296,4.71204651950696,0.7845085631419706,0.37229667739155026,0.21197431979085948,71.02446375126763,1.06282066883569,0.7831482828902054,0.8435100761701431,19712.13892192776,0.21631429294867696,29035.808292289265,149511.29114846504,0.02836514877340238,0.3861469755275474,50169.79183027872,64.05399055712888,0.06515715192295232,3,10101
british indian ocean territory (the),IOT,IOT,asia and the pacific,south asia,106,NA,NA,NA,NA,0.00481466533383354,2.79044451713562,1.9249536395072937,NA,0,0,0,NA,NA,NA,7594.812536621093,NA,NA,NA,NA,NA,NA,NA
ireland,IRL,IRL,europe and central asia,central and western europe,107,0.01019337179635578,19.830839694138632,17.877561597861238,18.523022322669217,0.24765518237252,1.0806469595062504,0.97737633636114,144.19537828936066,0.24585554499477869,0.12737346568483712,0.9298487149939764,9322.790180069773,NA,26923.8053149596,5619.797868357081,0.01547150695085534,0.24482961410645712,27766.274242582775,76.70345854759216,0.08335204272350269,2,10100
iran (islamic republic of),IRN,IRN,asia and the pacific,south asia,108,3.3690403882393793,36.02764572699792,0.7107963184985318,0.8225810359291243,0.3596075802583754,0.10343258594911732,0.04423662227399093,33.03186522644624,0.5415730069180512,0.20916331647451591,0.8175239752018466,3148.377879505935,0.1186017337929431,5518.327620829416,31654.66781026724,0.00467102705834598,0.07512680004614171,30353.820543752227,68.8503432031657,0.10282049649936052,2,10100
iraq,IRQ,IRQ,asia and the pacific,western asia,109,4.854628484616067,7.649158461303451,0.8243912154952306,0.98931943462171,0.21846344374582585,0.0168791523514473,0.0074689391211647,16.15138280776985,0.3574620316042273,0.2111373814984761,1.1558284414059206,169.15359541545152,0.1535549365253246,2755.4814284229096,4891.257944742839,6.074657288800987e-4,0.00895822992087346,35387.94610157765,67.71962524739557,0.2549842633650186,1,10000
iceland,ISL,ISL,europe and central asia,central and western europe,110,0.01352160456198383,45.77735583348708,15.03246629626661,14.71587037265323,0.06367196573847522,0.5314984264930096,0.5879546864834738,105.55233910335434,0.07464536000622682,0.10004338535072171,0.8854355191634959,0,NA,26.324028858974412,6940.37295281319,3.844979000747381e-6,5.3115821430403415e-5,23202.31640625,NA,0.08567312359809875,1,10000
israel,ISR,ISR,europe and central asia,central and western europe,111,5.348833189977633,67.00699635316928,2.1318827155977487,2.8702981281715134,0.4482585581222383,0.5407660625610948,0.44820825017362614,27.430739596338555,0.6604215469422271,0.3378938403837988,1.061218753506248,10783.159892167196,0.11745763172705968,23270.27589185787,3704.359544881185,0.01643203486091306,0.2627768594530792,22715.492691949505,NA,0.08178764941791693,2,10100
italy,ITA,ITA,europe and central asia,central and western europe,112,0.6121432022651637,40.7665861295722,6.743053242249857,7.23521507267705,0.5012323430814277,0.6505668626717169,0.5294772834523245,99.2872339975698,0.518831103115862,0.18860734512304217,0.9925270318926078,26265.08944214658,NA,55698.26004742469,14235.476882702867,0.04034654601385454,0.5104726503294251,30952.4134042215,79.80560099358527,0.08120639421896647,3,11100
jamaica,JAM,JAM,americas,caribbean,113,0.24630705164424305,167.0063048261937,7.441977482501084,6.4921436154745455,0.3648963151154695,2.1311142956769027,1.392440026777762,160.8894886723271,0.40386313338529833,0.6724286434765047,0.4022012887365875,23688.2098880597,0.10265233665704727,15457.08503032866,140716.8150214301,0.03155959193548188,0.483496003895998,27187.051568330226,71.307861328125,0.1315511412179197,2,10100
jersey,JEY,JEY,europe and central asia,central and western europe,114,NA,0.5478690266609192,14.225812911987305,12.071602821350098,0.2212219387292862,1.174244403839111,1.0194804668426514,179.9962615966797,0,0,0,0,NA,NA,6894.99658203125,NA,NA,NA,NA,0.14421910047531128,0,0
jordan,JOR,JOR,asia and the pacific,western asia,115,6.512316172565647,21.08064941083329,1.102246233705198,1.3625229433711106,0.2173615327038237,0.17178974133810404,0.12439573529206854,9.782228984825815,0.4016504856221979,0.13349628570388,1.1272869833949006,1086.2328156995056,0.08891013208372466,2552.1665172319804,59.66259560218224,0.00169774539219266,0.02634799803084857,23674.18603149719,71.54315240813929,0.14306309388329586,2,10100
japan,JPN,JPN,asia and the pacific,north-east asia,116,0.05087188483363275,30.00325514873296,12.839775477354433,13.427209178549758,0.47733819728522553,2.097297167563319,1.2132685700884172,177.2738055397117,0.4605508784315572,0.29169986222651145,0.8864096385578681,13309.033499849596,NA,42619.23936586447,125226.87150638735,0.02237384026098975,0.32675446115650303,27241.408699645777,81.10563672962034,0.06495300010300992,3,11100
kazakhstan,KAZ,KAZ,europe and central asia,central asia,117,1.2363927349807284,2.588709862501265,0.6541467269531247,0.8025759776627079,0.4082060825563137,0,0,81.74362977054928,0.4585309609397381,0.2944052798689809,0.5404287041558944,555.8414084781718,0.1252021181908099,1422.736127973006,NA,8.931486274195271e-4,0.01422025398314082,43724.71306380567,65.4557353094418,0.22227741026449388,2,10100
kenya,KEN,KEN,africa,east africa and adjacent islands,118,2.9280195561005486,12.802182947195256,2.325416064849537,2.6597338557113113,1.1805786879252629,0.23508516697221643,0.1370416778283431,45.34390910492111,1.440857131832865,0.5623164545977714,1.0259803567645334,1985.2715514605256,0.1823859214496069,3310.42747349402,6785.08848639666,0.00291650175368555,0.04696498719292621,67813.753014303,55.60418109707594,0.09038051794302895,3,10101
kyrgyzstan,KGZ,KGZ,europe and central asia,central asia,119,0.8455885938152217,17.148821204443063,0.5767118129269442,0.5602467153149269,0.5045129451062017,0,0,110.93514453912962,0.5409562770008153,0.2022407755477744,0.4931873122280948,2772.2370312530693,0.10480455176852574,5282.233887019715,NA,0.00433216804085102,0.06961650176570265,34991.89451479997,65.93642364986358,0.21676614819740764,2,10100
cambodia,KHM,KHM,asia and the pacific,south-east asia,120,2.3784075751900673,4.813245371305149,12.456784459832855,12.968507894802006,1.1250606807224697,0.6852173244603834,0.3785822331547792,127.42317638036344,1.550833890531795,1.2972681275964983,0.6624019676250812,2379.219908488007,0.18293246214013936,2018.8313854839555,420834.873233227,0.00320746531629402,0.05229659154515297,55439.26669574873,57.873049436321885,0.09043966206014432,2,10001
kiribati,KIR,KIR,asia and the pacific,oceania,121,NA,NA,NA,NA,0.00435870903759048,2.7510662262256327,1.956287457392766,90.77777777777776,0,0,0,0,NA,NA,31420.8115433913,NA,NA,58915.12109375,NA,0.10063610970973969,0,0
saint kitts and nevis,KNA,KNA,americas,caribbean,122,NA,NA,NA,NA,0.1189579963684082,2.1969884634017944,1.232721745967865,196.5,0,0,0,0,NA,0,12055.7470703125,0,0,33162.125,NA,NA,0,0
korea (the republic of),KOR,KOR,asia and the pacific,north-east asia,123,0.06661159567377084,9.213980524761997,5.81549311216467,6.320619174547244,0.462754464313553,1.0531990735518053,1.308171150250043,120.31550476643412,0.4695215743901918,0.2848045327868272,0.5587513034512895,15741.5882141212,NA,55504.420983694574,93873.2596651689,0.02704491893875187,0.4168453860640079,23478.090762467335,76.10926368213265,0.09668035796242402,2,10100
kuwait,KWT,KWT,asia and the pacific,western asia,124,6.624551043046259,0.44520267544062114,0.0414193575199303,0.07303527301262788,0.25834206718743613,1.2301822318718,0.6394729776554856,3.300003669572913,0.41876591283227926,0.2660592051933872,0.9299418489360228,1036.5763323748554,0.16395316869020465,11668.1672572913,12545.370791274889,0.00300482796354039,0.04294171141790473,18762.517992424244,76.56317752986759,0.19284147375535757,1,100
lao people's democratic republic (the),LAO,LAO,asia and the pacific,south-east asia,125,1.8385953354441376,58.5340677283187,10.71400100904106,11.734732691453925,1.5651075457646684,0.12516166673800988,0.07074736757481184,147.4608914715544,1.9782699357436704,1.2020714977923093,0.6028166945139847,1204.535502167314,0.0845910537068754,1135.6400226218132,31290.814453125,0.00162176742850992,0.02639691875759199,65204.507174044375,59.3819510997913,0.04368450455563977,3,10101
lebanon,LBN,LBN,asia and the pacific,western asia,126,2.0060458233306457,111.14279823317813,4.065986633509189,4.878712772072612,0.466902411916629,0.6045562475855626,0.4968187574468546,77.639274519317,0.6379113312092146,0.2966049992027594,0.7300580671044434,18147.98034564167,0.0884546705267646,26079.297390220905,1212.8501144755971,0.02600484138338601,0.4040624123997986,27147.017710990647,70.87900924682617,0.1118022300405045,2,10100
liberia,LBR,LBR,africa,west africa,127,1.241636957753648,0.4185329829404973,20.165077877725267,18.599802767985853,1.4107385965819472,0.7313998667456316,0.6291792969049599,157.6564048406378,1.7575503787116749,0.8347432653472239,0.90506264113478,1058.021169344322,0.1293645724852703,269.3309020127103,22937.940588852456,0.0013148754803478,0.02165850020853527,96229.97114158164,51.161559848734626,0.08163802443383746,2,101
libya,LBY,LBY,africa,north africa,128,6.658893473640092,6.201182080356412,0.47098747137707464,0.5779443068134817,0.09280307755300098,0.05374268688889239,0.05691749242252396,3.876840071223428,0.21061994610471496,0.08030912305259119,1.0262065309416588,112.0188883857012,0.16071022918682923,216.0967644538634,33558.08125711524,1.669729343278861e-4,0.00267848700311163,23753.755713613904,70.66030617562856,0.11034174829579496,2,10100
saint lucia,LCA,LCA,americas,caribbean,129,NA,54.90932006835938,12.798798942565918,11.070760917663574,0.15846516404833114,2.263842991420201,1.2356287240982056,NA,0,0,0.07097382407534626,0,NA,0,165996.4252232143,0,0,27075.732421875,NA,0.11623288691043854,1,10000
liechtenstein,LIE,LIE,europe and central asia,central and western europe,130,0.00252640821660558,95.66697947184244,18.699138641357425,18.13364919026693,0.5609200596809387,0,0,134.00016276041666,0.582826554775238,0.04504618669549624,0.4521424372990926,0,NA,NA,NA,NA,NA,NA,NA,NA,1,10000
sri lanka,LKA,LKA,asia and the pacific,south asia,131,1.0799987340015282,1.219827578293668,7.712366369452689,7.865394418633829,0.7525902415379154,2.3343217308468653,1.3170555851594032,106.12721787007648,1.063046376944966,0.8542456553611542,0.8749825930842602,10230.807375770964,0.27271781926902827,7632.528084619064,48208.403298149875,0.01363833655347077,0.22272608243406977,30632.396484375,NA,0.05073800683021545,1,100
lesotho,LSO,LSO,africa,southern africa,132,0.21557758814518815,34.76649370643403,0.6128376645123987,0.7354543276546076,0.6874264034174257,0,0,96.5744834696698,0.8539904851024434,0.25861731828269313,0.476438937406563,770.5019114034874,0.14336324243222254,6585.9902725035,NA,0.00188443531696887,0.02858201877414711,89612.50185381356,48.37108949194809,0.1841203810299857,1,10000
lithuania,LTU,LTU,europe and central asia,central and western europe,133,0.00815976902815282,11.17020152591899,6.703764476782426,7.643608096998264,0.5830605488660736,0.01874785985009034,0,110.7521311767854,0.5571157287112806,0.10627515773129756,0.6635547199035594,13273.552706254584,NA,30591.416434837724,116027.71048828126,0.0204905465527325,0.32705550741606126,38527.24487617925,72.02948633733786,0.173530657617551,2,10100
luxembourg,LUX,LUX,europe and central asia,central and western europe,134,0.04603035645369364,17.302982523733256,10.1092177410515,10.967612013524892,0.5463444383776918,0,0,109.85173159229512,0.5541313278431795,0.07377294671474671,0.5219189293530523,9112.376674107143,NA,116680.36356026786,NA,0.02790239032319918,0.4156082626812312,29570.088368941328,77.55750274658203,0.07667529795851026,2,10100
latvia,LVA,LVA,europe and central asia,central and western europe,135,0.00270201860251533,0.12913795051197818,7.210921395517957,7.985060770758116,0.560228287194052,0.05359629266677852,0,111.48222424637407,0.5287566773678863,0.1058277729077168,1.025894321960203,4378.086129994227,NA,12964.384280544116,92110.24635301463,0.00722872444518339,0.11451460882328213,44008.2020056652,69.04282887218989,0.1846283275386061,1,100
macao (special adminstrative region china,MAC,MAC,asia and the pacific,north-east asia,136,NA,11.583406448364258,11.89654541015625,14.746931076049805,0.6877302527427673,3.5729973316192627,1.8083325624465945,NA,0,0,0.2689584195613861,6.19934440617299e-42,0.04759396612644195,NA,2813833.75,NA,NA,NA,NA,0.19877134263515472,0,0
saint martin (french part),MAF,MAF,americas,caribbean,137,NA,NA,NA,NA,0.12828998267650604,2.1848714351654053,1.2298147678375244,NA,0,0,0,0,NA,0,27370.552734375,0,0,NA,NA,0.0629580169916153,0,0
morocco,MAR,MAR,africa,north africa,138,5.584706734970804,34.43013844039314,0.7172628575789668,1.0018399324813554,0.4065072855352307,0.31090186887396254,0.28037715477684183,33.868651098111464,0.5317554005414682,0.2107128754927532,0.8483777011482078,3275.6805738451485,0.2305869227086858,9871.364864276944,156631.7660124373,0.00543285962444261,0.08601715593525067,35971.340775970166,66.19329591621525,0.2235032198993264,2,10100
monaco,MCO,MCO,europe and central asia,central and western europe,139,0.8272200226783752,176.93348693847656,5.895142078399658,7.814170598983765,0.24189122766256332,0.9773401021957396,0.6930226683616638,NA,0.120686462149024,0.1364983730018139,0,NA,NA,NA,1713.7250366210938,NA,NA,NA,NA,NA,NA,NA
moldova (the republic of),MDA,MDA,europe and central asia,eastern europe,140,1.0912816485415848,18.00622810556144,1.4405808629771004,2.153979999348392,0.6144654796197753,0.02112693918564683,0.01706503047029329,103.08259215569412,0.6193100786332854,0.17666762317031312,0.5810187030003557,10946.938303277566,NA,30682.049358645112,NA,0.01766834838741223,0.2803028645541738,40124.516686040224,66.29903199350957,0.14694516987227238,2,10100
madagascar,MDG,MDG,africa,east africa and adjacent islands,141,0.801303542431569,12.279953872574144,10.004474995914888,10.360693673968102,0.41094667030004367,1.5643427500924847,0.8767249437405519,129.60160936062215,0.6325694546019853,0.5491928453310736,0.7180025184519335,1142.5419929150305,0.21001740863358945,1946.1196116340727,69059.30642323074,0.00166796004470368,0.02683661247994719,67253.796875,58.07229481794375,0.09257056564092636,2,10100
maldives,MDV,MDV,asia and the pacific,south asia,142,NA,NA,NA,NA,0.02708149381214752,3.135905370116234,1.5632438734173777,169,0,0,0,NA,NA,NA,90107.1788330078,NA,NA,25551.080078125,NA,0.10731110721826552,NA,NA
mexico,MEX,MEX,americas,mesoamerica,143,4.469275238376382,49.62013864704954,3.0951135052365495,2.552019045267399,0.7715951780100159,0.4935691787309791,0.36757983318725734,63.24138565380614,1.0014679515578764,0.1910285975654839,0.842750135491141,5105.578128247815,0.1145183221467712,7194.362977753437,108852.4830087167,0.00723290150654737,0.1084213790362722,25860.521161031695,74.06199454596542,0.1408231935939309,3,10101
marshall islands (the),MHL,MHL,asia and the pacific,oceania,144,NA,NA,NA,NA,0.00740644987672567,3.376309394836426,2.3151378631591797,NA,0,0,0,NA,NA,NA,67.32630920410156,NA,NA,NA,NA,NA,NA,NA
north macedonia,MKD,MKD,europe and central asia,central and western europe,145,0.8610473326735646,27.488526177507467,3.007456606346385,3.3050858148862425,0.6484004632611188,0.08535103734085922,0.08939052613153496,80.32760279483645,0.7671528729384002,0.19230850854056933,1.0578124789282797,5908.340997302518,NA,16510.98308985284,NA,0.0096449421287113,0.15310838434874932,33969.44884138381,72.96654723318,0.17191612378112953,2,10100
mali,MLI,MLI,africa,west africa,146,5.391657711356864,0.8280846813532912,1.3213061243371558,1.5768213345739346,0.4139787862865542,0,0,14.285439030175986,0.5859508306764688,0.24342556802837576,0.9448714807578132,195.4070396363695,0.19825577478433293,334.80246350717783,NA,2.85304453864099e-4,0.00458996858283104,114171.41113656633,50.57755066550231,0.06290021234332906,1,10000
malta,MLT,MLT,europe and central asia,central and western europe,147,NA,5.1223578453063965,5.1223578453063965,3.4896209239959717,0.10765654469529788,0.9232358435789744,0.7898836135864258,39.16665522257487,0,0,0.1658307301804598,0,NA,NA,67076.34505208333,NA,NA,26102.3203125,NA,0.06309200078248978,0,0
myanmar,MMR,MMR,asia and the pacific,south-east asia,148,1.754161384872762,27.03331879202916,10.488435188646022,11.30370108054947,1.268329132643279,0.6762286473884748,0.48259285118663714,176.3660370605601,1.6414614179091505,1.069814335201428,0.5341008630050249,4786.952159593824,0.1545617912613364,2364.5572425657774,889571.5991435125,0.00607144984710016,0.09956407008175427,61069.15026639467,59.70633192030452,0.06262433313862335,3,10101
montenegro,MNE,MNE,europe and central asia,central and western europe,149,0.01713440625025029,121.0757010229505,11.622731826626335,12.947716153584992,0.5995269157875206,0.5653426951565449,0.4811689996323879,125.86371196728749,0.6640620434409615,0.24182897181101637,0.8211186722988257,8721.981259125976,NA,943.3346811780608,1539.2114817781269,0.0108830988047332,0.1797721251912702,31497.186139292065,NA,0.28295850938274747,2,10100
mongolia,MNG,MNG,asia and the pacific,north-east asia,150,2.338795587790652,1.1115487887705802,0.13966713009704887,0.11254831714565013,0.4024256856580696,0,0,121.69463630617796,0.4284829315816039,0.2676508723211516,0.8237276759697151,12.299905695054724,0.16433551241359204,316.66596051109457,NA,6.085218686505507e-5,8.817116873724491e-4,43676.64563207959,62.352110766601335,0.2240334460273523,1,10000
northern mariana islands (the),MNP,MNP,asia and the pacific,oceania,151,NA,NA,4.799999878741801e-4,4.799999878741801e-4,0.02407213929109275,3.22902911901474,2.1389617919921875,NA,0,0,0,0,NA,NA,3481.005615234375,NA,NA,23726.912109375,NA,0.1048961579799652,0,0
mozambique,MOZ,MOZ,africa,southern africa,152,1.2447512459896763,2.6968731870494276,4.690957715226669,5.218146321743569,1.1656500918339978,0.8187462179116772,0.430736891803254,67.0470053761351,1.4452547953114514,0.3800346770534558,0.6139526938725072,625.6362915377268,0.13645209271937891,984.74543315734,11515.793453342829,9.105856064493854e-4,0.01468268818192094,103700.30386523802,49.94947472574499,0.13979662219326003,2,10001
mauritania,MRT,MRT,africa,north africa,153,6.489085247196181,0.4965554507823732,0.4742900279094425,0.5456455376316034,0.17368323840792216,0.04155946875787248,0.02847360493256265,2.6624965770945943,0.2944157805824934,0.11140113652408493,0.7587711246465864,18.314719059687317,0.28054405333940513,187.23857745592963,207897.49620740168,4.936359800764746e-5,7.428955967187582e-4,55743.03290346623,58.87435396630545,0.05154403322281013,0,0
montserrat,MSR,MSR,americas,caribbean,154,NA,NA,NA,NA,0.15375685691833496,2.216760635375977,1.2356287240982056,215,0,0,0,0,NA,NA,1959.6858215332031,NA,NA,NA,NA,0.14421910047531128,0,0
martinique,MTQ,MTQ,americas,caribbean,155,NA,44.55756759643555,9.91939926147461,12.98597240447998,0.1925529349933971,2.296658602627841,1.2356287240982056,201.27258994362572,0.08718383312225342,0.1731035140427676,0.5418937408427486,0,NA,0,788094.8465909091,0,0,NA,NA,0.06519858539104462,1,10000
mauritius,MUS,MUS,africa,east africa and adjacent islands,156,0.5591797232627869,NA,NA,NA,0.0365094905719161,3.5595252895355225,2.317052164077759,219.56521075704825,0.05367599084973335,0.20460478276014327,0.6782213332649554,1.5193053112517705e-41,NA,NA,504707.0205078125,NA,NA,29006.9921875,71.63700103759766,0.09806273877620696,0,0
malawi,MWI,MWI,africa,southern africa,157,0.2997348814860975,4.13622936179815,8.086248694667573,8.500218329068028,1.5153540369046656,0,0,91.64458023547112,1.8848200332265133,0.44119973810195584,0.7301659322984669,3774.2321934852207,0.14491475262005643,1808.62419788384,NA,0.00587685859325333,0.09634176760977342,118094.7231130404,45.247775828728514,0.15570797471819325,3,10101
malaysia,MYS,MYS,asia and the pacific,south-east asia,158,0.05849959355018287,13.34869715891166,22.79099593115936,23.947340707456505,1.4316856368429156,3.1575746712979487,1.8979420689830984,247.64487352610016,2.1637445965807505,1.7434098775649265,0.9118297983553524,16324.52214949272,0.1560258252985257,3790.8233629988185,107357.50834761852,0.02040675635422718,0.32370927140894107,22660.662604769608,72.73810393358002,0.09017047900360964,3,10101
mayotte,MYT,MYT,africa,east africa and adjacent islands,159,NA,40.227108001708984,15.55827808380127,8.501458168029785,0.0708622517330306,3.4989265373774936,2.2513089179992676,117.83294932047528,0,0,0,0,NA,NA,653716.8973214285,NA,NA,NA,76.30799865722656,0.06519858539104462,1,10000
namibia,NAM,NAM,africa,southern africa,160,5.752167415276564,8.304171064888992,0.9745325129461884,1.1781981767253291,0.6831299330516022,0.13262266103100606,0.14733983923098604,24.024912436523365,0.9863183118925662,0.4007041986089425,0.5605362821530518,36.0415600092943,0.14761231187901352,235.54353488997424,25544.015905448912,7.826050491964349e-5,0.00120206737599453,67566.99646192355,52.09337299171008,0.09921003547346736,1,10000
new caledonia,NCL,NCL,asia and the pacific,oceania,161,0,8.44762916444313,6.595609001630038,6.955110514307496,0.1448446939283229,5.8928762557658745,3.076171265257166,108.04052123317013,0.2567901873811663,0.5140040124926445,0.6004314650823851,0,NA,896.9590511778325,5445.227241808303,1.3059102141075695e-4,0.00180402785374046,NA,NA,0.06519858539104462,1,10000
niger (the),NER,NER,africa,west africa,162,6.278277142043927,1.356470624926812,1.3246892298230415,1.561554502462256,0.29461386422377533,0,0,4.033324514709328,0.45319970265971943,0.24120765487713275,1.1803429474570248,274.52863845359025,0.18669072208323376,319.2968589856925,NA,3.763977661565749e-4,0.00610401243323907,134166.68501954203,51.02836139854921,0.050375978582345,1,10000
norfolk island,NFK,NFK,asia and the pacific,oceania,163,NA,16.73733139038086,4.799999878741801e-4,0.01999999955296516,0.03399768099188804,2.002220869064331,1.9200793504714968,NA,0,0,0,0,NA,NA,10004.544921875,NA,NA,NA,NA,0.10528937727212906,0,0
nigeria,NGA,NGA,africa,west africa,164,2.277193369266908,4.290096236620584,7.569511270322906,8.010212489152837,1.065006614126868,0.08841191744302866,0.07329840691533084,62.029877761117106,1.374896139628528,0.33930416170997313,1.046054331123642,9219.884072938588,0.1714290024890566,2285.778657130387,51098.29498662612,0.01155597058291198,0.1774424695960568,105384.23364373432,52.5838005065918,0.1227266684578881,2,10100
nicaragua,NIC,NIC,americas,mesoamerica,165,0.9915115087362296,39.593228492846144,16.48415160640341,16.13248562140543,1.1185364469617838,0.5932085837237872,0.37018475920127847,207.36595434864657,1.4429100063920135,0.3020389575683789,1.0144252701930436,3268.6079915323085,0.10058839624301576,5964.301730933287,92418.07185867811,0.00514207429368383,0.08274720548038303,24901.663261185386,66.12939056628477,0.15465244842440976,2,10100
niue,NIU,NIU,asia and the pacific,oceania,166,NA,NA,NA,NA,0.02370370365679264,3.0025854110717773,2.383488178253174,216,0,0,0,0,NA,NA,30585.51171875,NA,NA,42128.26171875,NA,0.15046671032905579,0,0
netherlands (the),NLD,NLD,europe and central asia,central and western europe,167,0.527958746636129,0.6274379094505521,16.683577295171617,17.039451279279124,0.4750981570118003,0.5151339764975859,0.2923615933559429,125.02786142941554,0.4403447680314931,0.08468286309313303,0.5168665827100414,41861.522059062736,NA,339762.7216711919,11337.798200161746,0.10097832992807218,1.207367350656808,28295.20239666987,78.09901610039299,0.06168788512077954,2,1100
norway,NOR,NOR,europe and central asia,central and western europe,168,0.00409050706131426,1.2309558260979403,9.486852372093422,10.578437262589915,0.3052605447335514,0.5067286185909029,0.5347974694240792,126.9224309517711,0.30622928646032044,0.12791414244862884,0.961360888102264,870.138373457248,NA,7051.6885615857245,7646.97711185518,0.0020881448238589,0.03099326022191605,29525.191677276347,78.65043638709663,0.07168610786645374,2,1100
nepal,NPL,NPL,asia and the pacific,south asia,169,1.4097623577728402,10.01584653489872,6.38608024214598,6.541881833931253,0.9649110086380488,0,0,124.7772542461028,1.2718887079451795,0.8427287736994391,0.8215056704486021,6557.266235444276,0.08419660092567519,30610.8690564498,NA,0.01277423665652836,0.19926694413617452,48678.07691492255,62.56651991547771,0.0601390277524097,3,10101
nauru,NRU,NRU,asia and the pacific,oceania,170,NA,NA,NA,NA,0.00500000012107193,3.2372853755950928,2.2835527658462524,NA,0,0,0,NA,NA,NA,659852.5,NA,NA,NA,NA,NA,NA,NA
new zealand,NZL,NZL,asia and the pacific,oceania,171,0.23000643903523563,8.70755573818364,15.449266077157857,16.033071049438973,0.07728777858141293,1.508319221059075,1.3588117417616508,117.1710854107844,0.10835648294165388,0.32722262472223973,0.847148358892227,2286.377384748654,NA,40569.01603411356,7245.102597476586,0.00873980855035577,0.09732503047745708,27397.30462583712,78.27329075121277,0.15046671032905579,3,11100
oman,OMN,OMN,asia and the pacific,western asia,172,6.406413774705324,5.565923188877477,0.31994229258789453,0.16379433043739397,0.19807923364690252,0.7434317778955615,0.3928064401332326,6.758270120191486,0.32778475100505955,0.1514066767348715,0.934509244293886,302.7442977806319,0.22309839725494385,408.6380057664942,50057.195095344825,4.318619233054045e-4,0.00533560928914122,24364.36735971538,NA,0.13455632149048935,2,10100
pakistan,PAK,PAK,asia and the pacific,south asia,173,4.7711973588059,12.9081533730409,0.6367674922580584,0.6727031495758848,0.4385649906952886,0.11995913608641542,0.06721352639268337,28.72980042523239,0.6477640130507168,0.3883211641345381,0.708869512127543,8007.986927804833,0.11524755898424976,22734.10528362836,397546.01970831904,0.0132279620118132,0.2099381880591982,63731.891930289894,63.92335568659979,0.09823344480738563,2,10100
panama,PAN,PAN,americas,mesoamerica,174,1.025270614262512,31.71862174499026,15.458190626893307,15.693786115002778,1.4816409689536647,2.328131159057231,2.078563299838818,210.3000406996112,1.774529172534809,0.45692968458851424,0.4186903390564812,3191.9261838779344,0.13306387170779246,6059.6458740857415,56200.53200645953,0.00488185687593933,0.07506437458201932,23388.91931235763,74.00199737201247,0.19822796944745455,3,10101
pitcairn,PCN,PCN,asia and the pacific,oceania,175,NA,NA,NA,NA,0.0046089099661578,1.9554275274276731,1.5479968123965793,NA,0,0,0,0,NA,NA,2051.8957737286887,NA,NA,NA,NA,0.14421910047531128,0,0
peru,PER,PER,americas,south america,176,1.1442671067985453,10.958218655997166,14.877931620581425,15.248964973924062,1.4940869318042818,0.17150714141178175,0.13825329094611064,106.30673726923246,1.8600844763987487,0.3933585410624543,0.95596247439885,1573.2449243554574,0.09179977864168196,1897.436539059055,9490373.25768074,0.00218618989265277,0.03543542640359434,29168.1261466898,68.75192269387675,0.08747757347644863,2,10100
philippines (the),PHL,PHL,asia and the pacific,south-east asia,177,0.8307634794501627,11.679299092524008,12.62200702176018,13.743648724576772,0.666797704240136,6.052306117055305,3.0598542589919724,174.60530170502895,0.8149010559571296,0.6836451726592963,0.8062578624043055,21223.981461402673,0.132116939185067,6588.157944883904,146752.37859261167,0.02738233117830166,0.3851926101566487,32069.623046875,68.77093180568347,0.06336300075054169,2,10100
palau,PLW,PLW,asia and the pacific,oceania,178,NA,9.215007464090982,4.6978722093626857e-4,0.01957446771363417,0.06492157715062301,4.100728511810303,2.60819149017334,266.99998982747394,0,0,0.08527224466797634,0,NA,NA,879.5473480224609,NA,NA,38271.9140625,NA,NA,0,0
papua new guinea,PNG,PNG,asia and the pacific,oceania,179,3.400480504829334e-5,34.26522624466022,21.0986817874292,22.210076939725408,0.7562896773885459,2.803074976423119,1.4588553181807382,247.61596453503793,1.0337249137768356,0.2562335279601424,0.934719820775056,1088.212066719006,0.23179388738045728,327.5691585477249,14014.515372019609,0.00138488018775284,0.02279386816546643,50078.508187327665,62.339427450825184,0.14457660986239881,1,10000
poland,POL,POL,europe and central asia,central and western europe,180,0.0972445459819205,5.47856354601846,6.585468582703748,7.1924541999292915,0.5852308130437957,0.01645355891473051,0,96.78561544830306,0.5813358589179779,0.08094717147365389,0.7963933211556375,15726.078775743128,NA,45586.99957977586,14588.228363264174,0.0256362623801705,0.4062766337341729,33236.98658926983,73.80489957156858,0.16837610173008768,2,10100
puerto rico,PRI,PRI,americas,caribbean,181,0.11978753248166124,115.78259569803872,9.189992330187843,8.346998784655616,0.3194115793864642,2.2422155354704176,1.340475091976779,171.01892118100767,0.23178651609059808,0.22116820408598817,0.671412280456309,3074.81015057034,NA,27906.35865234375,4923.459099020277,0.00795980449912909,0.12058328449575588,29005.662109375,NA,0.1048961579799652,2,10100
korea (the democratic people's republic of),PRK,PRK,asia and the pacific,north-east asia,182,0.07655311454578366,22.687987388245137,4.516161618343166,4.790792037485731,0.5138177118964621,0.6477121268935062,0.7990800988790393,135.224783178072,0.5575904266616744,0.1795256667170003,0.732442442408573,6261.259147454463,0.19495874548715256,2020.3361944974808,113482.28925308002,0.00776165826972458,0.1276793867283577,49026.92947408945,73.40433247884114,0.12000492155986628,2,10100
portugal,PRT,PRT,europe and central asia,central and western europe,183,0.9616210418035,8.645288641222457,6.582058321037251,7.013237067088808,0.4818356511616804,0.8703974126050138,0.943999687561929,77.78199740818569,0.5144466492464533,0.28364702802354996,0.4831168670087944,17331.814269262166,NA,30946.748632688545,16631.05001050031,0.0262133501085778,0.404117276904902,33004.16975099422,76.95987542539253,0.06563397348250329,2,10100
paraguay,PRY,PRY,americas,south america,184,2.9364396151427052,1.0959613690214582,5.520776742465041,5.898950862234705,1.1736186363693766,0,0,65.58128101919165,1.534974026708169,0.29749363314478516,0.8580800417912671,9708.669568266609,0.11107022646286388,4752.970585108864,NA,0.01242265626049003,0.16815204553031163,25096.401647826595,69.02079821036796,0.20607566989933335,2,101
"palestine, state of",PSE,PSE,asia and the pacific,western asia,185,2.990154706730562,117.66738678317472,1.4190951499594264,3.041268195014402,0.49523503731849583,0.401605535773046,0.33167248450813214,41.08720025350881,0.7244315937507985,0.3869524255048397,0.9071132426345072,22536.00325686433,0.10383493834663005,NA,7069.518798828125,NA,NA,30484.287745276164,NA,0.07114634662866592,1,10000
french polynesia,PYF,PYF,asia and the pacific,oceania,186,NA,NA,NA,NA,0.01738008952177152,2.8438403257509557,2.09091431629367,151.7499974568685,0.02142660798256756,0.0801217913591888,0.23256362053436488,0,NA,NA,7291.06244938548,NA,NA,NA,NA,0.06519858539104462,0,0
qatar,QAT,QAT,asia and the pacific,western asia,187,6.756733872340276,7.467627251148224,0.07206038225641741,0.20081584170527225,0.20593155140444735,1.5919625471102312,0.8078626990318298,1.3640936733092237,0.2797949058586136,0.18417621482936836,1.04969492854688,0,NA,980.5231850490394,46556.93154502126,1.4495842270681336e-4,0.00200250391576786,21344.05126953125,NA,0.17030589941407548,0,0
réunion,REU,REU,africa,east africa and adjacent islands,188,NA,NA,NA,NA,0.0331415357068181,3.53666721979777,2.264557369550069,237.00011410920516,0.03611945394299028,0.10390278397058712,0.5898159674584046,3.5304438626133758e-40,NA,NA,5418.8140869140625,NA,NA,NA,NA,0.06519858539104462,0,0
romania,ROU,ROU,europe and central asia,central and western europe,189,0.3607824453211146,11.560751428253042,4.221069562977574,4.67522558927521,0.5812401400345838,0.0103032584468754,0.00756246263515452,97.77337808832355,0.6144610749181715,0.19308787652509737,0.7821075669373383,12941.677884324168,NA,34778.86894514705,21163.82556754296,0.02068339740198975,0.328573065977225,38564.12761791415,71.05320510749183,0.1890138360012913,2,10100
russian federation (the),RUS,RUS,europe and central asia,eastern europe,190,0.1489174967210123,13.380015851884744,3.2160939992500506,3.5677645716392306,0.35171151052953065,0.04858801176211713,0.02849042712113529,129.34806735896962,0.3430727965421009,0.2029787777945813,0.892311853108797,841.411073177875,0.17735191989525842,1408.8904055315995,14316.64479548071,0.00123838827529475,0.01993993979139297,53042.57032799944,63.85478742889149,0.24338025054860105,2,10100
rwanda,RWA,RWA,africa,east africa and adjacent islands,191,0.15762693007470358,3.4437501480683737,2.9657546530668983,3.4745342394318244,1.5848958211314397,0,0,106.37443747986045,1.8961571924614185,0.6757398705289821,0.9261300921038746,16764.418683498752,0.19334923566212703,5123.153113494766,NA,0.0217025401058664,0.35158966436904276,93662.87160669192,47.25435996778083,0.15219405722437482,3,10101
saudi arabia,SAU,SAU,asia and the pacific,western asia,192,6.750782923191869,3.800662257844152,0.1714477271312022,0.07750982291727854,0.15223738966913172,0.18468599591072388,0.10492765412106704,3.3042618514835413,0.27222894882572696,0.1250313315398142,0.983676409776061,372.4149194396865,0.1675507728041721,457.9230667955528,18211.845885068415,5.133831163214826e-4,0.00831197762398072,25716.67709492167,72.46018809342125,0.14703475440313477,2,10100
sudan (the),SDN,SDN,africa,north africa,193,5.297906478119366,0.6673489004573727,0.7765561511591045,0.9628876556752026,0.4084349026693516,0.06510572013246667,0.04068072051855274,10.667208324891398,0.4928012708751476,0.3347963775256944,0.952651064402787,477.2851717277863,0.3527414085901129,1227.030978492862,51102.67540174915,7.546741863629447e-4,0.01200578365406089,64047.713270449305,59.82839225970301,0.0531306856432434,1,10000
senegal,SEN,SEN,africa,west africa,194,3.3938668550399096,0.5776091889736449,3.043167200207204,3.355037382151607,0.8984245329681544,0.32395080875775306,0.2973122438715731,49.92876611620526,1.1340647399620938,0.4746104574980799,0.9203077890769232,1086.6161727224676,0.12405317306806923,1516.3575619437977,33356.97905934967,0.00152754430911205,0.0246842658578215,65940.51788227326,55.840801261490846,0.03894878591429277,1,100
singapore,SGP,SGP,asia and the pacific,south-east asia,195,NA,0.2344196200370789,29.33437156677246,27.768599700927737,0.9167025312781334,5.972499966621399,3.756001353263855,189.5013084411621,1.894062414765358,1.4506096504628658,0.22695664446666797,699.8457772391183,NA,0,93981.552734375,0.00114619931264314,0.01897338544949889,18583.951904296875,NA,0.07508532827099164,1,1
south georgia and the south sandwich islands,SGS,SGS,americas,south america,196,NA,NA,NA,NA,0.00785360580130693,1.188369700707585,0.801913387086018,167.85223863945632,0.03283524384968756,0.09378039027142332,0.6507864670731732,NA,NA,NA,6398.0620659049355,NA,NA,NA,NA,0.14421910047531128,NA,NA
"saint helena, ascension and tristan da cunha",SHN,SHN,africa,southern africa,197,NA,NA,NA,NA,0.00148141963290981,1.3045867681503296,1.3439012169837952,144,0,0,0,0,NA,NA,55680.41912895441,NA,NA,NA,NA,0.14421910047531128,0,0
svalbard and jan mayen,SJM,SJM,europe and central asia,central and western europe,198,0,62.84169376266236,1.3448923461414084,1.5995969582454912,0.01060947669391692,0.37895117968774944,0.19413033341771735,118.0254993838785,0.03415839038031161,0.10888017707507956,1.0145945597655477,0,NA,NA,4491.959668918011,NA,NA,NA,NA,0.07171264290809631,1,10000
solomon islands,SLB,SLB,asia and the pacific,oceania,199,0,35.60496258428868,25.705255281259895,22.519032730552116,0.27589550851718775,5.18161389642133,2.9412023285905757,249.37150516794688,0.28413578053602206,0.24412019410665925,0.6475594752518347,0,NA,339.7383019319454,57200.12397187056,4.9930242699559585e-5,6.897530028235527e-4,54563.03125,NA,0.0923089809034149,1,10000
sierra leone,SLE,SLE,africa,west africa,200,1.7131265393315112,1.1324121130358058,19.419179774333383,19.32449746967476,1.3253534195157453,0.6669207675325514,0.4412940680425718,178.0979141076773,1.6106123541437076,0.6170567709488972,0.8430389213750216,1284.205378721388,0.24615093533973495,926.803569054434,89448.47203871782,0.00170189084713359,0.027804086736825,113477.60553664542,45.14184532740163,0.1561950360000897,1,10000
el salvador,SLV,SLV,americas,mesoamerica,201,2.3681069131714203,64.7504090548527,11.02578909242684,11.266199945438244,0.987836597674343,1.496440881706146,0.8951523193872597,156.91626359628333,1.3201981582923723,0.2643796587610202,0.8571686143842676,22945.466834404266,0.07531215085921039,15120.203505973506,232499.38248172883,0.03026976722011583,0.4912782102497867,30499.1303691169,69.74258549493334,0.12053168071358183,2,10100
san marino,SMR,SMR,europe and central asia,central and western europe,202,0.3004300594329834,10.159539222717283,9.39725399017334,10.761430740356444,0.49947643280029297,0.8312061429023743,0.6930226683616638,112,0.46186384558677673,0.24809183180332184,1.0375195741653442,32226.646484375,NA,NA,NA,NA,NA,28010.78125,NA,NA,0,0
somalia,SOM,SOM,africa,east africa and adjacent islands,203,6.102866732345348,5.779709977529445,0.7264302858352172,0.9362712350712372,0.49159178926969654,0.8924394720111066,0.536691533351303,13.836882346799886,0.7479836242441023,0.2314324835027933,0.9541044156915222,182.40821085907916,0.19532734556939865,1233.5608739413628,58510.39581688495,4.000826769730275e-4,0.00613350684491592,101123.81799535733,50.74100112915039,0.05591817593347888,1,10000
saint pierre and miquelon,SPM,SPM,americas,north america,204,NA,0,0,0,0.11466227620840072,0.932701051235199,0.976190447807312,119.40028381347656,0,0,0,0,NA,NA,1590.1525146484375,NA,NA,NA,NA,0.06519858539104462,0,0
serbia,SRB,SRB,europe and central asia,central and western europe,205,0.49659801771275675,15.833778323958128,3.854790193215308,4.388213556032754,0.5999105684075767,0,0,91.61956566624102,0.6569526785909422,0.21868147681557937,1.0287864436399152,13768.880025203714,NA,27684.852603818723,NA,0.02064394358167077,0.3307473057274864,38801.43298659298,71.45773366251983,0.18450369197665176,2,10100
south sudan,SSD,SSD,africa,east africa and adjacent islands,206,2.1853056706992335,1.0802708611313638,3.000766511104577,3.255360820801488,1.0142737037491432,0,0,57.413184646777175,1.1878803929459152,0.560899777533263,0.5902943880121224,536.5401611675258,0.29647113759865107,2132.6409071287485,NA,9.579996224585928e-4,0.01501238041130966,86115.19920505864,48.3211669921875,0.10928847583402004,1,10000
sao tome and principe,STP,STP,africa,central africa,207,NA,92.58584267752512,11.820121901375908,11.806673867361884,0.12101580823461217,1.470859279235204,1.1708629926045735,188,0,0,0.34253128314761244,7.966381769686585e-43,0.18500485022862753,NA,114630.27262369792,NA,NA,48125.20703125,61.62232907613119,0.10840164124965668,1,10000
suriname,SUR,SUR,americas,south america,208,0.03227077414584073,1.059699107508499,13.921661198588907,14.629176464733936,2.1597697042227137,0.167674993043821,0.1561658343896639,174.02624284121026,2.700321957598712,0.28489943946162005,1.1500812108891687,213.93851143048505,0.08169690386714387,108.3080167023119,70861.2164662679,2.6130855776965444e-4,0.00428293784218828,35633.73245590157,74.368499755859375,0.0637178058838304,2,101
slovakia,SVK,SVK,europe and central asia,central and western europe,209,0.10402071135892352,6.4376852480062174,5.4648862033560786,6.158101007637928,0.6228398305810596,0,0,106.46911880154872,0.6575433723150362,0.17737017096810329,1.0325618200221445,14078.09647816082,NA,21237.568606375535,NA,0.02007986040444875,0.3239781542873911,32914.44261185458,72.9977442364153,0.17921242206558463,2,10100
slovenia,SVN,SVN,europe and central asia,central and western europe,210,0.00724717663427119,64.19370553142032,12.34043424028948,13.392252815775125,0.6383666568491833,0.3248490538130271,0.21969978790724484,134.70605719233134,0.6889029998691326,0.12013977913028864,1.0929636255086186,9357.341550895966,NA,36898.07938221358,1580.9211203835227,0.01666855114275446,0.25210514845427834,32180.6335243317,75.93922929878694,0.20791297594466843,2,10100
sweden,SWE,SWE,europe and central asia,central and western europe,211,0.01216081628151631,1.1553052530636534,6.424076335142185,6.765404479010084,0.33520060129116236,0.0962145415004596,0.03861870337911553,107.98647169293356,0.3361800389067288,0.08108882327939783,0.7497329435319643,2966.8701511301724,NA,6106.4119817116725,6595.465172538505,0.00455735875872735,0.06917665870046641,30099.71823506021,79.28904859765225,0.07172918008275764,3,11100
eswatini,SWZ,SWZ,africa,southern africa,212,1.2453906218966713,8.290589414860891,1.612988089348959,1.8451162086880728,1.3116412826206374,0.5205190991572833,0.2993298668987257,54.15527332140052,1.7261678239573603,0.4672506708165874,0.4619888352311176,18213.67726888254,0.16984799815260845,6749.537571649966,NA,0.02298327217804794,0.3634853239738099,NA,47.6384393443232,0.20538513161565947,3,10101
sint maarten (dutch part),SXM,SXM,americas,caribbean,213,NA,NA,NA,NA,0.12829208374023438,2.1848714351654053,1.2298147678375244,NA,0,0,0,0,NA,0,27641.7890625,0,0,NA,NA,0.0629580169916153,0,0
seychelles,SYC,SYC,africa,east africa and adjacent islands,214,NA,NA,NA,NA,0.06269840523600578,3.385060727596283,2.194461226463318,158,0,0,0,0,NA,NA,4992.408462524414,NA,NA,28729.9921875,NA,0.1051790416240692,0,0
syrian arab republic (the),SYR,SYR,asia and the pacific,western asia,215,5.154553496547745,9.7012062900274465,1.8487867798216069,2.3877835067126,0.2355574676994999,0.05046951850461983,0.04463183969264462,29.800725418205765,0.3896615298566621,0.14760833592934572,1.0004035447024355,4820.7893772844855,0.13166492130537075,5281.080354579381,35713.59403139114,0.00664284815354594,0.10786692157215882,24089.591853562004,71.00434231605342,0.2266567139593197,2,10100
turks and caicos islands (the),TCA,TCA,americas,caribbean,216,NA,NA,25.478992619093333,7.245433964308177,0.16876993272453547,2.1075623750686647,1.3146637678146362,61.19978332519531,0,0,0,0,NA,NA,47746.997802734375,NA,NA,NA,NA,0.14421910047531128,0,0
chad,TCD,TCD,africa,central africa,217,4.932900138122041,1.360739549805384,2.0114370473373304,2.3572870474031897,0.4194337082884267,0,0,20.044764889250025,0.5604026555373522,0.3390101595579828,0.9454108766527436,130.05270318872462,0.23673636384020263,208.31894224874185,NA,1.9007181644335128e-4,0.00306370962782058,114422.88668987859,48.16496351719892,0.0608713090568549,1,10000
togo,TGO,TGO,africa,west africa,218,1.467400470127662,0.4711373127843977,5.96146381775305,6.623641156381177,1.2245840456478756,0.06236165098931595,0.05261357606056857,67.33231553764512,1.638378646434321,0.366891222578696,1.0638825455626506,3656.4932334150462,0.11960013286153244,1732.9599573780015,258288.1627987132,0.00466873406946921,0.07659578444917559,75486.4843463618,54.24207015610859,0.06349113347593291,2,101
thailand,THA,THA,asia and the pacific,south-east asia,219,2.7981331807725423,33.44609780886102,8.332942290293945,8.956503312688332,1.2474087193589145,0.9636439550341164,0.5548990280054846,104.24035872564129,1.7110963084543147,1.0442036962671233,0.5547122576019067,19363.364801176365,0.12702254627661813,4955.096564088998,145020.26240645934,0.02423180058949712,0.3913191662366036,33022.18323318756,72.06122040871176,0.15012501116131335,3,10101
tajikistan,TJK,TJK,europe and central asia,central asia,220,0.9288371757985462,12.925902695684504,1.474495434374034,1.7772254285453877,0.43806417243296414,0,0,80.98147440595388,0.5069524490929374,0.19352650167239452,0.6129681831987552,1370.7220490918244,0.1370198533278585,7399.443076585768,NA,0.00283120944104158,0.04393169152548528,39558.51237442212,63.43641091207013,0.11230934958864355,1,10000
tokelau,TKL,TKL,asia and the pacific,oceania,221,NA,NA,NA,NA,0.00259251325041987,2.8940250873565674,2.1172080039978027,190.5,0,0,0,NA,NA,NA,105323.6611328125,NA,NA,NA,NA,NA,NA,NA
turkmenistan,TKM,TKM,europe and central asia,central asia,222,3.015639843077333,2.089742327597719,0.176766591449388,0.1216285234411902,0.36329535596224727,0,0,23.313745094397923,0.4960878584009695,0.23466882572848133,0.7388014910740106,931.6693450669708,0.11036937608529544,2418.8948221042483,NA,0.00149228512395929,0.02374169759820534,37424.312485115,62.75762414932251,0.12228113551477228,1,10000
timor-leste,TLS,TLS,asia and the pacific,south-east asia,223,0.00740113573142048,1.38560912827825,3.885996361224972,4.8432728156708835,0.5302021845347351,6.263673867119683,2.901180424955156,129.4202363505166,0.515524279123848,0.25315482462638605,0.4180121919697083,1620.2454601869847,0.2695911967919932,2423.644422600068,22518.908537801108,0.00235415360973081,0.03800794677016415,55426.45703125,NA,0.07630568875946812,1,10000
tonga,TON,TON,asia and the pacific,oceania,224,NA,NA,NA,NA,0.02888858574442565,3.55719456076622,2.624278873205185,174.75,0,0,0,0,NA,0,58181.02917480469,0,0,27919.263671875,NA,0.2116212695837021,0,0
trinidad and tobago,TTO,TTO,americas,caribbean,225,1.196292981505394,6.72795706467125,10.499890039707052,12.597718715667725,0.967938967851492,2.175068635206956,1.3055724712518546,146.23538522159353,0.7132332299591706,0.16401287544155288,0.4086721425798225,21880.70761213637,0.1325935899065091,0,160716.88584641676,0.02850252991862914,0.4384624602554267,32663.912109375,69.10199737548828,0.1561067507136613,1,10000
tunisia,TUN,TUN,africa,north africa,226,5.457104163970726,22.46710913129001,1.2199140555433596,1.4296881482851382,0.34000833042054657,0.30017421480377726,0.3112361293288552,24.958430714832726,0.4642675384807517,0.16630079087402522,0.7876376329026861,3103.3706740630982,0.2408178731007672,9187.13238114794,7380.65032151908,0.00525673105111603,0.08337438707306283,25685.110786088015,72.85672851352517,0.198458526012169,2,10100
turkey,TUR,TUR,europe and central asia,central and western europe,227,1.1010485612893106,41.727389631555866,2.478476626448193,2.785280187378125,0.45388550149789536,0.12930202072286776,0.11555220436013064,95.41774036484894,0.562976985576967,0.17867424696180592,0.8485269784753166,8893.763573542385,0.13263385675170206,15824.466597258495,42940.28029597022,0.01316407358291462,0.2115379582312349,28108.47291030825,71.65652244435418,0.18646003655799753,2,10100
tuvalu,TUV,TUV,asia and the pacific,oceania,228,NA,0,0,0,0.00624644931136704,3.4482725461324057,2.5671557744344073,207.125,0,0,0,0,NA,NA,55945.28157552083,NA,NA,NA,NA,NA,0,0
taiwan (province of china),TWN,TWN,asia and the pacific,north-east asia,229,0.6307239937161406,15.180713598172836,11.668266149891748,12.483914693461523,0.7411278063033107,5.3356495706875435,2.339425667315786,210.17752090378187,0.9437940920180736,0.5669001698774049,0.3802224645042116,25817.02988272963,NA,6465.172143593233,30516.74558843067,0.03259594860099555,0.47346718486491435,23898.22265625,NA,0.2278698980808258,2,10100
"tanzania, the united republic of",TZA,TZA,africa,east africa and adjacent islands,230,0.9113857794417128,6.143612111751704,4.244150551399918,4.66002994667195,1.3826861491217624,0.19463944327268343,0.1137156125608409,80.17301372717948,1.639487304006093,0.5160659196038779,0.9882216204903432,1142.0904465359376,0.11072340019387115,1965.4978703978309,83866.09360207694,0.00174779742146063,0.0281523565751369,88276.29565899316,52.01364504404777,0.11677905763862428,2,10001
uganda,UGA,UGA,africa,east africa and adjacent islands,231,1.2305087532744643,1.6726586098937126,4.2178647953143,4.607594144828499,1.4727298055521107,0,0,86.99849799099097,1.766637409784842,0.5269154889672055,0.9625011332863576,7499.418147812535,0.1048500709199235,4629.409014355817,NA,0.01119778678776053,0.1833100678074961,102439.09800079702,47.91873870327304,0.11089960532015491,3,10101
ukraine,UKR,UKR,europe and central asia,eastern europe,232,0.5049199221867595,6.051269029168739,1.976115381420035,2.4847480151000796,0.5758994643093105,0.01870936653070693,0.00215577227088512,107.3807352254489,0.5671933035569421,0.18899879347207496,0.5833725258740959,12234.19136361227,NA,33442.105222598126,27673.707040923924,0.01981683038232514,0.3147547171491795,49298.164313924986,67.85831288205098,0.1587548355308304,2,10100
united states minor outlying islands (the),UMI,UMI,asia and the pacific,oceania,233,NA,NA,NA,NA,0.01333257742226123,1.9235535860061648,1.6648812294006348,NA,0,0,0,0,NA,NA,19316.70703125,NA,NA,NA,NA,0.1048961579799652,0,0
uruguay,URY,URY,americas,south america,234,0.5937792881595071,3.3473631545370197,8.33835987613236,8.59772383579408,0.7522180929211075,0.4269326943376749,0.4396403811251342,102.03022549978655,0.9310631115062202,0.22874936026886575,0.4209342770571586,1172.3875701996049,0.11867826470197776,14090.53471035809,75652.20216183591,0.00346722385671337,0.05179980471765357,31859.493303344676,75.02499839475803,0.16101708443439217,1,100
united states of america (the),USA,USA,americas,north america,235,1.5103614406886283,17.844759167010537,4.890093740897796,4.556059630996902,0.5050275443234293,0.1420365437525193,0.14111400719771605,87.53283477133176,0.5716492489544961,0.15852213105924973,0.9325278446819066,7422.8413410980975,0.1155618168413639,11280.196518902156,37110.70414455111,0.01082675726976867,0.16397762755113554,29980.01704320174,76.89850577036445,0.10641378244059475,2,11000
uzbekistan,UZB,UZB,europe and central asia,central asia,236,2.5561800853634433,3.1373129956086516,0.8262383402403982,0.984768373174006,0.3530379591415152,0,0,38.030079158561975,0.460909589911467,0.25105899307524654,0.6170460018292616,3764.4071765185304,0.14767124783922062,12416.876937531068,NA,0.00663762539355501,0.10495083559801638,36684.221525935616,64.37528502879577,0.2532846149038988,2,10100
holy see (the),VAT,VAT,europe and central asia,central and western europe,237,NA,NA,NA,NA,NA,NA,NA,NA,NA,NA,NA,NA,NA,NA,NA,NA,NA,NA,NA,NA,NA,NA
saint vincent and the grenadines,VCT,VCT,americas,caribbean,238,NA,50.7950553894043,6.241273880004883,8.519837379455566,0.16131805069744587,2.321470022201538,1.2327218055725098,NA,0,0,0,0,NA,0,67813.435546875,0,0,30955.60546875,NA,0.13347917795181274,1,10000
venezuela (bolivarian republic of),VEN,VEN,americas,south america,239,1.122823457497076,4.587934435221015,13.266890657851365,13.825032319359993,1.6554888563136836,0.3227102042460828,0.2249628355972612,139.90082019509794,2.029215390984999,0.31646140897555747,0.740431692137217,1523.2680890287531,0.1251951893858172,4764.76166891892,72792.98944783339,0.00254230857486941,0.0401917307548425,26305.1166350058,71.71056672204675,0.14901962181537143,2,10001
virgin islands (british),VGB,VGB,americas,caribbean,240,NA,NA,NA,NA,0.13925153017044067,2.270174503326416,1.578299641609192,NA,0,0,0,0,NA,NA,139619.734375,NA,NA,NA,NA,NA,0,0
virgin islands (u.s.),VIR,VIR,americas,caribbean,241,NA,NA,NA,NA,0.1910040726264318,2.217414140701294,1.3964815139770508,NA,0,0,0,0,NA,0,7759.269205729167,0,0,30910.63671875,NA,0.1048961579799652,0,0
viet nam,VNM,VNM,asia and the pacific,south-east asia,242,1.954726349619546,25.337286214271092,9.12541259705059,9.593495619648529,1.35516453448696,1.818398296366544,1.0210987548410504,131.75421936930422,1.8670627430729507,1.1298709118976062,0.91185614598839,15466.246818232652,0.1321842292588476,7529.564038550902,412083.935466589,0.01985992640608526,0.2922003234730411,26281.475115542456,71.39925497355914,0.05864958863294181,3,10101
vanuatu,VUT,VUT,asia and the pacific,oceania,243,NA,39.287800535559654,18.304916412665925,16.50110812125535,0.10919599740541187,4.769611052809091,2.74886568990247,209.95754455566407,0.09967504675725555,0.13500416092376075,0.3283830025769303,0,NA,NA,41020.338194939184,NA,NA,39218.31640625,NA,0.08549174666404724,1,10000
wallis and futuna,WLF,WLF,asia and the pacific,oceania,244,NA,NA,NA,NA,0.01925926003605127,3.48783278465271,2.490110993385315,NA,0,0,0,0,NA,NA,9871.3426513671875,NA,NA,NA,NA,0.06519858539104462,0,0
samoa,WSM,WSM,asia and the pacific,oceania,245,NA,NA,NA,NA,0.05928567448450673,3.586515841945525,2.4975762213430097,244.00000190734863,0.10068274045671027,0.28950316402079485,0.5317111808645207,0,NA,0,2550.86093828755,0,0,29296.25,NA,0.12761522829532623,0,0
akrotiri and dhekelia,XAD,NA,europe and central asia,central and western europe,246,3.632467071215311,8.206570307413736,1.325935463110606,2.267340342203776,0.33544495701789856,0.6848986744880676,0.7453102668126425,52,0.45379558205604553,0.3848566114902496,0.6542206952083992,1581.0283610026042,NA,NA,2562.5135129292808,NA,NA,NA,NA,0.11268979807694753,0,0
clipperton island,XCL,NA,asia and the pacific,oceania,247,NA,NA,NA,NA,0,1.4494049549102783,1.8147855997085571,NA,0,0,0,NA,NA,NA,33.45951461791992,NA,NA,NA,NA,0.06519858539104462,NA,NA
kosovo,XKO,NA,europe and central asia,central and western europe,248,0.1990791186262136,50.58166776421941,7.843605336786687,8.200170499154892,0.6010818786319645,0.00114964710912485,9.956266516926646e-4,82.29153534461712,0.6843434846264193,0.16489328110012516,1.05398483831307,11252.832399565596,NA,36759.932358314254,NA,0.01891787385102361,0.29857651242750816,34352.03662109375,72.73497581481934,0.20536167174577713,2,10100
northern cyprus,XNC,NA,europe and central asia,central and western europe,249,3.9511433765292168,23.81355287347521,1.891522114475568,2.3286879073296274,0.2984272763133049,0.7116370162238246,0.7899971293366473,51.052621038336504,0.28333178065393283,0.2620682264475719,0.849988004548441,3273.658452987671,NA,20085.356744384764,2378.03948899974,0.00704907803920769,0.10840084344191953,NA,NA,0.07499338073862924,1,10000
paracel islands,XPI,NA,asia and the pacific,south-east asia,250,NA,0,0,0,0.01421528939569655,3.6201266325437103,2.0576865673065186,NA,0,0,0,NA,NA,NA,1296593.8662109375,NA,NA,NA,NA,NA,NA,NA
spratly islands,XSP,NA,asia and the pacific,south-east asia,251,NA,NA,NA,NA,NA,NA,NA,NA,NA,NA,NA,NA,NA,NA,NA,NA,NA,NA,NA,NA,NA,NA
yemen,YEM,YEM,asia and the pacific,western asia,252,6.755240355446225,21.408635499379344,0.24316553122403725,0.2074894206613844,0.21952148535008373,0.6699119859675987,0.34272218499100443,14.657232622339508,0.3605008659318675,0.12803382831333734,0.9434290813543512,824.2526402982139,0.21797753737315204,2443.0818538669164,71476.86353599455,0.00135724754585012,0.0214959607563667,58682.16530530072,64.7899771130947,0.02645651857524208,2,10100
south africa,ZAF,ZAF,africa,southern africa,253,4.931033018756599,4.651625030025011,0.5838343029483065,0.7981793029831038,0.8602260253739438,0.27598677206911504,0.24192058527225696,47.510948339635526,1.1277489897127055,0.3660068292550308,0.4916864716456589,3909.5233895155006,0.20830847294755384,3074.8197797550624,187582.9957954909,0.00519242001736322,0.0692787346851747,69053.33817849947,58.83876052450057,0.23194055812725653,3,10101
zambia,ZMB,ZMB,africa,southern africa,254,0.07060728009991919,9.80126437721771,5.041751813122874,5.533800389522838,1.5008754203257266,0,0,75.54335025181832,1.7595030778748075,0.5003090455966474,0.9408974892036932,421.336391942387,0.16727050945371472,442.1937570708018,NA,5.78068434587452e-4,0.00939359468018258,112517.22283093727,45.40755898461079,0.23753898260830011,2,10001
zimbabwe,ZWE,ZWE,africa,southern africa,255,1.8952945444129707,1.2942933342043594,1.1816992966833513,1.6446389759705011,1.3918043464317091,0,0,49.91225407345707,1.7647032450036553,0.45199647344205113,0.6177640422594253,1434.2552351689487,0.1323043780327839,1308.7094608785933,NA,0.00193397657641089,0.03149474551067553,87749.23803077661,45.4778918511493,0.11265721451007966,2,10001
